2025-12-20 19:21:38,006 - Main - INFO - Bot Starting...
2025-12-20 19:21:38,030 - Main - ERROR - Failed to connect to MT5
2025-12-20 19:22:41,840 - Main - INFO - Bot Starting...
2025-12-20 19:22:41,862 - Main - INFO - Connected. Balance: 500.0 USD
2025-12-20 19:22:41,864 - Main - ERROR - Unexpected Error: get_candles() got an unexpected keyword argument 'n'
Traceback (most recent call last):
  File "V:\PlayGround\mt5_trading_bot\main.py", line 66, in main
    df = data_feed.get_candles(n=200) # Need enough history for indicators
TypeError: get_candles() got an unexpected keyword argument 'n'
2025-12-20 19:22:46,870 - Main - ERROR - Unexpected Error: get_candles() got an unexpected keyword argument 'n'
Traceback (most recent call last):
  File "V:\PlayGround\mt5_trading_bot\main.py", line 66, in main
    df = data_feed.get_candles(n=200) # Need enough history for indicators
TypeError: get_candles() got an unexpected keyword argument 'n'
2025-12-20 19:22:51,882 - Main - ERROR - Unexpected Error: get_candles() got an unexpected keyword argument 'n'
Traceback (most recent call last):
  File "V:\PlayGround\mt5_trading_bot\main.py", line 66, in main
    df = data_feed.get_candles(n=200) # Need enough history for indicators
TypeError: get_candles() got an unexpected keyword argument 'n'
2025-12-20 19:24:26,535 - Main - INFO - Bot Starting...
2025-12-20 19:24:26,555 - Main - INFO - Connected. Balance: 500.0 USD
2025-12-20 19:24:26,582 - Main - ERROR - Unexpected Error: 'volatility'
Traceback (most recent call last):
  File "C:\Users\vasan\AppData\Local\Programs\Python\Python39\lib\site-packages\pandas\core\indexes\base.py", line 3805, in get_loc
    return self._engine.get_loc(casted_key)
  File "index.pyx", line 167, in pandas._libs.index.IndexEngine.get_loc
  File "index.pyx", line 196, in pandas._libs.index.IndexEngine.get_loc
  File "pandas\\_libs\\hashtable_class_helper.pxi", line 7081, in pandas._libs.hashtable.PyObjectHashTable.get_item
  File "pandas\\_libs\\hashtable_class_helper.pxi", line 7089, in pandas._libs.hashtable.PyObjectHashTable.get_item
KeyError: 'volatility'

The above exception was the direct cause of the following exception:

Traceback (most recent call last):
  File "V:\PlayGround\mt5_trading_bot\main.py", line 72, in main
    trade_manager.manage_positions(df)
  File "V:\PlayGround\mt5_trading_bot\services\trade_manager.py", line 20, in manage_positions
    current_vol = last_candle['volatility'] # Rolling val
  File "C:\Users\vasan\AppData\Local\Programs\Python\Python39\lib\site-packages\pandas\core\series.py", line 1121, in __getitem__
    return self._get_value(key)
  File "C:\Users\vasan\AppData\Local\Programs\Python\Python39\lib\site-packages\pandas\core\series.py", line 1237, in _get_value
    loc = self.index.get_loc(label)
  File "C:\Users\vasan\AppData\Local\Programs\Python\Python39\lib\site-packages\pandas\core\indexes\base.py", line 3812, in get_loc
    raise KeyError(key) from err
KeyError: 'volatility'
2025-12-20 19:24:31,609 - Main - ERROR - Unexpected Error: 'volatility'
Traceback (most recent call last):
  File "C:\Users\vasan\AppData\Local\Programs\Python\Python39\lib\site-packages\pandas\core\indexes\base.py", line 3805, in get_loc
    return self._engine.get_loc(casted_key)
  File "index.pyx", line 167, in pandas._libs.index.IndexEngine.get_loc
  File "index.pyx", line 196, in pandas._libs.index.IndexEngine.get_loc
  File "pandas\\_libs\\hashtable_class_helper.pxi", line 7081, in pandas._libs.hashtable.PyObjectHashTable.get_item
  File "pandas\\_libs\\hashtable_class_helper.pxi", line 7089, in pandas._libs.hashtable.PyObjectHashTable.get_item
KeyError: 'volatility'

The above exception was the direct cause of the following exception:

Traceback (most recent call last):
  File "V:\PlayGround\mt5_trading_bot\main.py", line 72, in main
    trade_manager.manage_positions(df)
  File "V:\PlayGround\mt5_trading_bot\services\trade_manager.py", line 20, in manage_positions
    current_vol = last_candle['volatility'] # Rolling val
  File "C:\Users\vasan\AppData\Local\Programs\Python\Python39\lib\site-packages\pandas\core\series.py", line 1121, in __getitem__
    return self._get_value(key)
  File "C:\Users\vasan\AppData\Local\Programs\Python\Python39\lib\site-packages\pandas\core\series.py", line 1237, in _get_value
    loc = self.index.get_loc(label)
  File "C:\Users\vasan\AppData\Local\Programs\Python\Python39\lib\site-packages\pandas\core\indexes\base.py", line 3812, in get_loc
    raise KeyError(key) from err
KeyError: 'volatility'
2025-12-20 19:24:33,906 - Main - INFO - Bot Starting...
2025-12-20 19:24:33,928 - Main - INFO - Connected. Balance: 500.0 USD
2025-12-20 19:24:33,934 - Main - ERROR - Unexpected Error: 'volatility'
Traceback (most recent call last):
  File "C:\Users\vasan\AppData\Local\Programs\Python\Python39\lib\site-packages\pandas\core\indexes\base.py", line 3805, in get_loc
    return self._engine.get_loc(casted_key)
  File "index.pyx", line 167, in pandas._libs.index.IndexEngine.get_loc
  File "index.pyx", line 196, in pandas._libs.index.IndexEngine.get_loc
  File "pandas\\_libs\\hashtable_class_helper.pxi", line 7081, in pandas._libs.hashtable.PyObjectHashTable.get_item
  File "pandas\\_libs\\hashtable_class_helper.pxi", line 7089, in pandas._libs.hashtable.PyObjectHashTable.get_item
KeyError: 'volatility'

The above exception was the direct cause of the following exception:

Traceback (most recent call last):
  File "V:\PlayGround\mt5_trading_bot\main.py", line 72, in main
    trade_manager.manage_positions(df)
  File "V:\PlayGround\mt5_trading_bot\services\trade_manager.py", line 20, in manage_positions
    current_vol = last_candle['volatility'] # Rolling val
  File "C:\Users\vasan\AppData\Local\Programs\Python\Python39\lib\site-packages\pandas\core\series.py", line 1121, in __getitem__
    return self._get_value(key)
  File "C:\Users\vasan\AppData\Local\Programs\Python\Python39\lib\site-packages\pandas\core\series.py", line 1237, in _get_value
    loc = self.index.get_loc(label)
  File "C:\Users\vasan\AppData\Local\Programs\Python\Python39\lib\site-packages\pandas\core\indexes\base.py", line 3812, in get_loc
    raise KeyError(key) from err
KeyError: 'volatility'
2025-12-20 19:24:36,625 - Main - ERROR - Unexpected Error: 'volatility'
Traceback (most recent call last):
  File "C:\Users\vasan\AppData\Local\Programs\Python\Python39\lib\site-packages\pandas\core\indexes\base.py", line 3805, in get_loc
    return self._engine.get_loc(casted_key)
  File "index.pyx", line 167, in pandas._libs.index.IndexEngine.get_loc
  File "index.pyx", line 196, in pandas._libs.index.IndexEngine.get_loc
  File "pandas\\_libs\\hashtable_class_helper.pxi", line 7081, in pandas._libs.hashtable.PyObjectHashTable.get_item
  File "pandas\\_libs\\hashtable_class_helper.pxi", line 7089, in pandas._libs.hashtable.PyObjectHashTable.get_item
KeyError: 'volatility'

The above exception was the direct cause of the following exception:

Traceback (most recent call last):
  File "V:\PlayGround\mt5_trading_bot\main.py", line 72, in main
    trade_manager.manage_positions(df)
  File "V:\PlayGround\mt5_trading_bot\services\trade_manager.py", line 20, in manage_positions
    current_vol = last_candle['volatility'] # Rolling val
  File "C:\Users\vasan\AppData\Local\Programs\Python\Python39\lib\site-packages\pandas\core\series.py", line 1121, in __getitem__
    return self._get_value(key)
  File "C:\Users\vasan\AppData\Local\Programs\Python\Python39\lib\site-packages\pandas\core\series.py", line 1237, in _get_value
    loc = self.index.get_loc(label)
  File "C:\Users\vasan\AppData\Local\Programs\Python\Python39\lib\site-packages\pandas\core\indexes\base.py", line 3812, in get_loc
    raise KeyError(key) from err
KeyError: 'volatility'
2025-12-20 19:24:38,958 - Main - ERROR - Unexpected Error: 'volatility'
Traceback (most recent call last):
  File "C:\Users\vasan\AppData\Local\Programs\Python\Python39\lib\site-packages\pandas\core\indexes\base.py", line 3805, in get_loc
    return self._engine.get_loc(casted_key)
  File "index.pyx", line 167, in pandas._libs.index.IndexEngine.get_loc
  File "index.pyx", line 196, in pandas._libs.index.IndexEngine.get_loc
  File "pandas\\_libs\\hashtable_class_helper.pxi", line 7081, in pandas._libs.hashtable.PyObjectHashTable.get_item
  File "pandas\\_libs\\hashtable_class_helper.pxi", line 7089, in pandas._libs.hashtable.PyObjectHashTable.get_item
KeyError: 'volatility'

The above exception was the direct cause of the following exception:

Traceback (most recent call last):
  File "V:\PlayGround\mt5_trading_bot\main.py", line 72, in main
    trade_manager.manage_positions(df)
  File "V:\PlayGround\mt5_trading_bot\services\trade_manager.py", line 20, in manage_positions
    current_vol = last_candle['volatility'] # Rolling val
  File "C:\Users\vasan\AppData\Local\Programs\Python\Python39\lib\site-packages\pandas\core\series.py", line 1121, in __getitem__
    return self._get_value(key)
  File "C:\Users\vasan\AppData\Local\Programs\Python\Python39\lib\site-packages\pandas\core\series.py", line 1237, in _get_value
    loc = self.index.get_loc(label)
  File "C:\Users\vasan\AppData\Local\Programs\Python\Python39\lib\site-packages\pandas\core\indexes\base.py", line 3812, in get_loc
    raise KeyError(key) from err
KeyError: 'volatility'
2025-12-20 19:24:41,641 - Main - ERROR - Unexpected Error: 'volatility'
Traceback (most recent call last):
  File "C:\Users\vasan\AppData\Local\Programs\Python\Python39\lib\site-packages\pandas\core\indexes\base.py", line 3805, in get_loc
    return self._engine.get_loc(casted_key)
  File "index.pyx", line 167, in pandas._libs.index.IndexEngine.get_loc
  File "index.pyx", line 196, in pandas._libs.index.IndexEngine.get_loc
  File "pandas\\_libs\\hashtable_class_helper.pxi", line 7081, in pandas._libs.hashtable.PyObjectHashTable.get_item
  File "pandas\\_libs\\hashtable_class_helper.pxi", line 7089, in pandas._libs.hashtable.PyObjectHashTable.get_item
KeyError: 'volatility'

The above exception was the direct cause of the following exception:

Traceback (most recent call last):
  File "V:\PlayGround\mt5_trading_bot\main.py", line 72, in main
    trade_manager.manage_positions(df)
  File "V:\PlayGround\mt5_trading_bot\services\trade_manager.py", line 20, in manage_positions
    current_vol = last_candle['volatility'] # Rolling val
  File "C:\Users\vasan\AppData\Local\Programs\Python\Python39\lib\site-packages\pandas\core\series.py", line 1121, in __getitem__
    return self._get_value(key)
  File "C:\Users\vasan\AppData\Local\Programs\Python\Python39\lib\site-packages\pandas\core\series.py", line 1237, in _get_value
    loc = self.index.get_loc(label)
  File "C:\Users\vasan\AppData\Local\Programs\Python\Python39\lib\site-packages\pandas\core\indexes\base.py", line 3812, in get_loc
    raise KeyError(key) from err
KeyError: 'volatility'
2025-12-20 19:24:43,976 - Main - ERROR - Unexpected Error: 'volatility'
Traceback (most recent call last):
  File "C:\Users\vasan\AppData\Local\Programs\Python\Python39\lib\site-packages\pandas\core\indexes\base.py", line 3805, in get_loc
    return self._engine.get_loc(casted_key)
  File "index.pyx", line 167, in pandas._libs.index.IndexEngine.get_loc
  File "index.pyx", line 196, in pandas._libs.index.IndexEngine.get_loc
  File "pandas\\_libs\\hashtable_class_helper.pxi", line 7081, in pandas._libs.hashtable.PyObjectHashTable.get_item
  File "pandas\\_libs\\hashtable_class_helper.pxi", line 7089, in pandas._libs.hashtable.PyObjectHashTable.get_item
KeyError: 'volatility'

The above exception was the direct cause of the following exception:

Traceback (most recent call last):
  File "V:\PlayGround\mt5_trading_bot\main.py", line 72, in main
    trade_manager.manage_positions(df)
  File "V:\PlayGround\mt5_trading_bot\services\trade_manager.py", line 20, in manage_positions
    current_vol = last_candle['volatility'] # Rolling val
  File "C:\Users\vasan\AppData\Local\Programs\Python\Python39\lib\site-packages\pandas\core\series.py", line 1121, in __getitem__
    return self._get_value(key)
  File "C:\Users\vasan\AppData\Local\Programs\Python\Python39\lib\site-packages\pandas\core\series.py", line 1237, in _get_value
    loc = self.index.get_loc(label)
  File "C:\Users\vasan\AppData\Local\Programs\Python\Python39\lib\site-packages\pandas\core\indexes\base.py", line 3812, in get_loc
    raise KeyError(key) from err
KeyError: 'volatility'
2025-12-20 19:24:46,660 - Main - ERROR - Unexpected Error: 'volatility'
Traceback (most recent call last):
  File "C:\Users\vasan\AppData\Local\Programs\Python\Python39\lib\site-packages\pandas\core\indexes\base.py", line 3805, in get_loc
    return self._engine.get_loc(casted_key)
  File "index.pyx", line 167, in pandas._libs.index.IndexEngine.get_loc
  File "index.pyx", line 196, in pandas._libs.index.IndexEngine.get_loc
  File "pandas\\_libs\\hashtable_class_helper.pxi", line 7081, in pandas._libs.hashtable.PyObjectHashTable.get_item
  File "pandas\\_libs\\hashtable_class_helper.pxi", line 7089, in pandas._libs.hashtable.PyObjectHashTable.get_item
KeyError: 'volatility'

The above exception was the direct cause of the following exception:

Traceback (most recent call last):
  File "V:\PlayGround\mt5_trading_bot\main.py", line 72, in main
    trade_manager.manage_positions(df)
  File "V:\PlayGround\mt5_trading_bot\services\trade_manager.py", line 20, in manage_positions
    current_vol = last_candle['volatility'] # Rolling val
  File "C:\Users\vasan\AppData\Local\Programs\Python\Python39\lib\site-packages\pandas\core\series.py", line 1121, in __getitem__
    return self._get_value(key)
  File "C:\Users\vasan\AppData\Local\Programs\Python\Python39\lib\site-packages\pandas\core\series.py", line 1237, in _get_value
    loc = self.index.get_loc(label)
  File "C:\Users\vasan\AppData\Local\Programs\Python\Python39\lib\site-packages\pandas\core\indexes\base.py", line 3812, in get_loc
    raise KeyError(key) from err
KeyError: 'volatility'
2025-12-20 19:24:48,997 - Main - ERROR - Unexpected Error: 'volatility'
Traceback (most recent call last):
  File "C:\Users\vasan\AppData\Local\Programs\Python\Python39\lib\site-packages\pandas\core\indexes\base.py", line 3805, in get_loc
    return self._engine.get_loc(casted_key)
  File "index.pyx", line 167, in pandas._libs.index.IndexEngine.get_loc
  File "index.pyx", line 196, in pandas._libs.index.IndexEngine.get_loc
  File "pandas\\_libs\\hashtable_class_helper.pxi", line 7081, in pandas._libs.hashtable.PyObjectHashTable.get_item
  File "pandas\\_libs\\hashtable_class_helper.pxi", line 7089, in pandas._libs.hashtable.PyObjectHashTable.get_item
KeyError: 'volatility'

The above exception was the direct cause of the following exception:

Traceback (most recent call last):
  File "V:\PlayGround\mt5_trading_bot\main.py", line 72, in main
    trade_manager.manage_positions(df)
  File "V:\PlayGround\mt5_trading_bot\services\trade_manager.py", line 20, in manage_positions
    current_vol = last_candle['volatility'] # Rolling val
  File "C:\Users\vasan\AppData\Local\Programs\Python\Python39\lib\site-packages\pandas\core\series.py", line 1121, in __getitem__
    return self._get_value(key)
  File "C:\Users\vasan\AppData\Local\Programs\Python\Python39\lib\site-packages\pandas\core\series.py", line 1237, in _get_value
    loc = self.index.get_loc(label)
  File "C:\Users\vasan\AppData\Local\Programs\Python\Python39\lib\site-packages\pandas\core\indexes\base.py", line 3812, in get_loc
    raise KeyError(key) from err
KeyError: 'volatility'
2025-12-20 19:24:51,674 - Main - ERROR - Unexpected Error: 'volatility'
Traceback (most recent call last):
  File "C:\Users\vasan\AppData\Local\Programs\Python\Python39\lib\site-packages\pandas\core\indexes\base.py", line 3805, in get_loc
    return self._engine.get_loc(casted_key)
  File "index.pyx", line 167, in pandas._libs.index.IndexEngine.get_loc
  File "index.pyx", line 196, in pandas._libs.index.IndexEngine.get_loc
  File "pandas\\_libs\\hashtable_class_helper.pxi", line 7081, in pandas._libs.hashtable.PyObjectHashTable.get_item
  File "pandas\\_libs\\hashtable_class_helper.pxi", line 7089, in pandas._libs.hashtable.PyObjectHashTable.get_item
KeyError: 'volatility'

The above exception was the direct cause of the following exception:

Traceback (most recent call last):
  File "V:\PlayGround\mt5_trading_bot\main.py", line 72, in main
    trade_manager.manage_positions(df)
  File "V:\PlayGround\mt5_trading_bot\services\trade_manager.py", line 20, in manage_positions
    current_vol = last_candle['volatility'] # Rolling val
  File "C:\Users\vasan\AppData\Local\Programs\Python\Python39\lib\site-packages\pandas\core\series.py", line 1121, in __getitem__
    return self._get_value(key)
  File "C:\Users\vasan\AppData\Local\Programs\Python\Python39\lib\site-packages\pandas\core\series.py", line 1237, in _get_value
    loc = self.index.get_loc(label)
  File "C:\Users\vasan\AppData\Local\Programs\Python\Python39\lib\site-packages\pandas\core\indexes\base.py", line 3812, in get_loc
    raise KeyError(key) from err
KeyError: 'volatility'
2025-12-20 19:24:56,686 - Main - ERROR - Unexpected Error: 'volatility'
Traceback (most recent call last):
  File "C:\Users\vasan\AppData\Local\Programs\Python\Python39\lib\site-packages\pandas\core\indexes\base.py", line 3805, in get_loc
    return self._engine.get_loc(casted_key)
  File "index.pyx", line 167, in pandas._libs.index.IndexEngine.get_loc
  File "index.pyx", line 196, in pandas._libs.index.IndexEngine.get_loc
  File "pandas\\_libs\\hashtable_class_helper.pxi", line 7081, in pandas._libs.hashtable.PyObjectHashTable.get_item
  File "pandas\\_libs\\hashtable_class_helper.pxi", line 7089, in pandas._libs.hashtable.PyObjectHashTable.get_item
KeyError: 'volatility'

The above exception was the direct cause of the following exception:

Traceback (most recent call last):
  File "V:\PlayGround\mt5_trading_bot\main.py", line 72, in main
    trade_manager.manage_positions(df)
  File "V:\PlayGround\mt5_trading_bot\services\trade_manager.py", line 20, in manage_positions
    current_vol = last_candle['volatility'] # Rolling val
  File "C:\Users\vasan\AppData\Local\Programs\Python\Python39\lib\site-packages\pandas\core\series.py", line 1121, in __getitem__
    return self._get_value(key)
  File "C:\Users\vasan\AppData\Local\Programs\Python\Python39\lib\site-packages\pandas\core\series.py", line 1237, in _get_value
    loc = self.index.get_loc(label)
  File "C:\Users\vasan\AppData\Local\Programs\Python\Python39\lib\site-packages\pandas\core\indexes\base.py", line 3812, in get_loc
    raise KeyError(key) from err
KeyError: 'volatility'
2025-12-20 19:25:01,704 - Main - ERROR - Unexpected Error: 'volatility'
Traceback (most recent call last):
  File "C:\Users\vasan\AppData\Local\Programs\Python\Python39\lib\site-packages\pandas\core\indexes\base.py", line 3805, in get_loc
    return self._engine.get_loc(casted_key)
  File "index.pyx", line 167, in pandas._libs.index.IndexEngine.get_loc
  File "index.pyx", line 196, in pandas._libs.index.IndexEngine.get_loc
  File "pandas\\_libs\\hashtable_class_helper.pxi", line 7081, in pandas._libs.hashtable.PyObjectHashTable.get_item
  File "pandas\\_libs\\hashtable_class_helper.pxi", line 7089, in pandas._libs.hashtable.PyObjectHashTable.get_item
KeyError: 'volatility'

The above exception was the direct cause of the following exception:

Traceback (most recent call last):
  File "V:\PlayGround\mt5_trading_bot\main.py", line 72, in main
    trade_manager.manage_positions(df)
  File "V:\PlayGround\mt5_trading_bot\services\trade_manager.py", line 20, in manage_positions
    current_vol = last_candle['volatility'] # Rolling val
  File "C:\Users\vasan\AppData\Local\Programs\Python\Python39\lib\site-packages\pandas\core\series.py", line 1121, in __getitem__
    return self._get_value(key)
  File "C:\Users\vasan\AppData\Local\Programs\Python\Python39\lib\site-packages\pandas\core\series.py", line 1237, in _get_value
    loc = self.index.get_loc(label)
  File "C:\Users\vasan\AppData\Local\Programs\Python\Python39\lib\site-packages\pandas\core\indexes\base.py", line 3812, in get_loc
    raise KeyError(key) from err
KeyError: 'volatility'
2025-12-20 19:25:06,718 - Main - ERROR - Unexpected Error: 'volatility'
Traceback (most recent call last):
  File "C:\Users\vasan\AppData\Local\Programs\Python\Python39\lib\site-packages\pandas\core\indexes\base.py", line 3805, in get_loc
    return self._engine.get_loc(casted_key)
  File "index.pyx", line 167, in pandas._libs.index.IndexEngine.get_loc
  File "index.pyx", line 196, in pandas._libs.index.IndexEngine.get_loc
  File "pandas\\_libs\\hashtable_class_helper.pxi", line 7081, in pandas._libs.hashtable.PyObjectHashTable.get_item
  File "pandas\\_libs\\hashtable_class_helper.pxi", line 7089, in pandas._libs.hashtable.PyObjectHashTable.get_item
KeyError: 'volatility'

The above exception was the direct cause of the following exception:

Traceback (most recent call last):
  File "V:\PlayGround\mt5_trading_bot\main.py", line 72, in main
    trade_manager.manage_positions(df)
  File "V:\PlayGround\mt5_trading_bot\services\trade_manager.py", line 20, in manage_positions
    current_vol = last_candle['volatility'] # Rolling val
  File "C:\Users\vasan\AppData\Local\Programs\Python\Python39\lib\site-packages\pandas\core\series.py", line 1121, in __getitem__
    return self._get_value(key)
  File "C:\Users\vasan\AppData\Local\Programs\Python\Python39\lib\site-packages\pandas\core\series.py", line 1237, in _get_value
    loc = self.index.get_loc(label)
  File "C:\Users\vasan\AppData\Local\Programs\Python\Python39\lib\site-packages\pandas\core\indexes\base.py", line 3812, in get_loc
    raise KeyError(key) from err
KeyError: 'volatility'
2025-12-20 19:25:11,732 - Main - ERROR - Unexpected Error: 'volatility'
Traceback (most recent call last):
  File "C:\Users\vasan\AppData\Local\Programs\Python\Python39\lib\site-packages\pandas\core\indexes\base.py", line 3805, in get_loc
    return self._engine.get_loc(casted_key)
  File "index.pyx", line 167, in pandas._libs.index.IndexEngine.get_loc
  File "index.pyx", line 196, in pandas._libs.index.IndexEngine.get_loc
  File "pandas\\_libs\\hashtable_class_helper.pxi", line 7081, in pandas._libs.hashtable.PyObjectHashTable.get_item
  File "pandas\\_libs\\hashtable_class_helper.pxi", line 7089, in pandas._libs.hashtable.PyObjectHashTable.get_item
KeyError: 'volatility'

The above exception was the direct cause of the following exception:

Traceback (most recent call last):
  File "V:\PlayGround\mt5_trading_bot\main.py", line 72, in main
    df = strategy.calculate_indicators(df)
  File "V:\PlayGround\mt5_trading_bot\services\trade_manager.py", line 20, in manage_positions
    current_vol = last_candle['volatility'] # Rolling val
  File "C:\Users\vasan\AppData\Local\Programs\Python\Python39\lib\site-packages\pandas\core\series.py", line 1121, in __getitem__
    return self._get_value(key)
  File "C:\Users\vasan\AppData\Local\Programs\Python\Python39\lib\site-packages\pandas\core\series.py", line 1237, in _get_value
    loc = self.index.get_loc(label)
  File "C:\Users\vasan\AppData\Local\Programs\Python\Python39\lib\site-packages\pandas\core\indexes\base.py", line 3812, in get_loc
    raise KeyError(key) from err
KeyError: 'volatility'
2025-12-20 19:25:16,751 - Main - ERROR - Unexpected Error: 'volatility'
Traceback (most recent call last):
  File "C:\Users\vasan\AppData\Local\Programs\Python\Python39\lib\site-packages\pandas\core\indexes\base.py", line 3805, in get_loc
    return self._engine.get_loc(casted_key)
  File "index.pyx", line 167, in pandas._libs.index.IndexEngine.get_loc
  File "index.pyx", line 196, in pandas._libs.index.IndexEngine.get_loc
  File "pandas\\_libs\\hashtable_class_helper.pxi", line 7081, in pandas._libs.hashtable.PyObjectHashTable.get_item
  File "pandas\\_libs\\hashtable_class_helper.pxi", line 7089, in pandas._libs.hashtable.PyObjectHashTable.get_item
KeyError: 'volatility'

The above exception was the direct cause of the following exception:

Traceback (most recent call last):
  File "V:\PlayGround\mt5_trading_bot\main.py", line 72, in main
    df = strategy.calculate_indicators(df)
  File "V:\PlayGround\mt5_trading_bot\services\trade_manager.py", line 20, in manage_positions
    current_vol = last_candle['volatility'] # Rolling val
  File "C:\Users\vasan\AppData\Local\Programs\Python\Python39\lib\site-packages\pandas\core\series.py", line 1121, in __getitem__
    return self._get_value(key)
  File "C:\Users\vasan\AppData\Local\Programs\Python\Python39\lib\site-packages\pandas\core\series.py", line 1237, in _get_value
    loc = self.index.get_loc(label)
  File "C:\Users\vasan\AppData\Local\Programs\Python\Python39\lib\site-packages\pandas\core\indexes\base.py", line 3812, in get_loc
    raise KeyError(key) from err
KeyError: 'volatility'
2025-12-20 19:25:21,761 - Main - ERROR - Unexpected Error: 'volatility'
Traceback (most recent call last):
  File "C:\Users\vasan\AppData\Local\Programs\Python\Python39\lib\site-packages\pandas\core\indexes\base.py", line 3805, in get_loc
    return self._engine.get_loc(casted_key)
  File "index.pyx", line 167, in pandas._libs.index.IndexEngine.get_loc
  File "index.pyx", line 196, in pandas._libs.index.IndexEngine.get_loc
  File "pandas\\_libs\\hashtable_class_helper.pxi", line 7081, in pandas._libs.hashtable.PyObjectHashTable.get_item
  File "pandas\\_libs\\hashtable_class_helper.pxi", line 7089, in pandas._libs.hashtable.PyObjectHashTable.get_item
KeyError: 'volatility'

The above exception was the direct cause of the following exception:

Traceback (most recent call last):
  File "V:\PlayGround\mt5_trading_bot\main.py", line 72, in main
    df = strategy.calculate_indicators(df)
  File "V:\PlayGround\mt5_trading_bot\services\trade_manager.py", line 20, in manage_positions
    current_vol = last_candle['volatility'] # Rolling val
  File "C:\Users\vasan\AppData\Local\Programs\Python\Python39\lib\site-packages\pandas\core\series.py", line 1121, in __getitem__
    return self._get_value(key)
  File "C:\Users\vasan\AppData\Local\Programs\Python\Python39\lib\site-packages\pandas\core\series.py", line 1237, in _get_value
    loc = self.index.get_loc(label)
  File "C:\Users\vasan\AppData\Local\Programs\Python\Python39\lib\site-packages\pandas\core\indexes\base.py", line 3812, in get_loc
    raise KeyError(key) from err
KeyError: 'volatility'
2025-12-20 19:25:26,777 - Main - ERROR - Unexpected Error: 'volatility'
Traceback (most recent call last):
  File "C:\Users\vasan\AppData\Local\Programs\Python\Python39\lib\site-packages\pandas\core\indexes\base.py", line 3805, in get_loc
    return self._engine.get_loc(casted_key)
  File "index.pyx", line 167, in pandas._libs.index.IndexEngine.get_loc
  File "index.pyx", line 196, in pandas._libs.index.IndexEngine.get_loc
  File "pandas\\_libs\\hashtable_class_helper.pxi", line 7081, in pandas._libs.hashtable.PyObjectHashTable.get_item
  File "pandas\\_libs\\hashtable_class_helper.pxi", line 7089, in pandas._libs.hashtable.PyObjectHashTable.get_item
KeyError: 'volatility'

The above exception was the direct cause of the following exception:

Traceback (most recent call last):
  File "V:\PlayGround\mt5_trading_bot\main.py", line 72, in main
    df = strategy.calculate_indicators(df)
  File "V:\PlayGround\mt5_trading_bot\services\trade_manager.py", line 20, in manage_positions
    current_vol = last_candle['volatility'] # Rolling val
  File "C:\Users\vasan\AppData\Local\Programs\Python\Python39\lib\site-packages\pandas\core\series.py", line 1121, in __getitem__
    return self._get_value(key)
  File "C:\Users\vasan\AppData\Local\Programs\Python\Python39\lib\site-packages\pandas\core\series.py", line 1237, in _get_value
    loc = self.index.get_loc(label)
  File "C:\Users\vasan\AppData\Local\Programs\Python\Python39\lib\site-packages\pandas\core\indexes\base.py", line 3812, in get_loc
    raise KeyError(key) from err
KeyError: 'volatility'
2025-12-20 19:25:31,797 - Main - ERROR - Unexpected Error: 'volatility'
Traceback (most recent call last):
  File "C:\Users\vasan\AppData\Local\Programs\Python\Python39\lib\site-packages\pandas\core\indexes\base.py", line 3805, in get_loc
    return self._engine.get_loc(casted_key)
  File "index.pyx", line 167, in pandas._libs.index.IndexEngine.get_loc
  File "index.pyx", line 196, in pandas._libs.index.IndexEngine.get_loc
  File "pandas\\_libs\\hashtable_class_helper.pxi", line 7081, in pandas._libs.hashtable.PyObjectHashTable.get_item
  File "pandas\\_libs\\hashtable_class_helper.pxi", line 7089, in pandas._libs.hashtable.PyObjectHashTable.get_item
KeyError: 'volatility'

The above exception was the direct cause of the following exception:

Traceback (most recent call last):
  File "V:\PlayGround\mt5_trading_bot\main.py", line 72, in main
    df = strategy.calculate_indicators(df)
  File "V:\PlayGround\mt5_trading_bot\services\trade_manager.py", line 20, in manage_positions
    current_vol = last_candle['volatility'] # Rolling val
  File "C:\Users\vasan\AppData\Local\Programs\Python\Python39\lib\site-packages\pandas\core\series.py", line 1121, in __getitem__
    return self._get_value(key)
  File "C:\Users\vasan\AppData\Local\Programs\Python\Python39\lib\site-packages\pandas\core\series.py", line 1237, in _get_value
    loc = self.index.get_loc(label)
  File "C:\Users\vasan\AppData\Local\Programs\Python\Python39\lib\site-packages\pandas\core\indexes\base.py", line 3812, in get_loc
    raise KeyError(key) from err
KeyError: 'volatility'
2025-12-20 19:25:36,813 - Main - ERROR - Unexpected Error: 'volatility'
Traceback (most recent call last):
  File "C:\Users\vasan\AppData\Local\Programs\Python\Python39\lib\site-packages\pandas\core\indexes\base.py", line 3805, in get_loc
    return self._engine.get_loc(casted_key)
  File "index.pyx", line 167, in pandas._libs.index.IndexEngine.get_loc
  File "index.pyx", line 196, in pandas._libs.index.IndexEngine.get_loc
  File "pandas\\_libs\\hashtable_class_helper.pxi", line 7081, in pandas._libs.hashtable.PyObjectHashTable.get_item
  File "pandas\\_libs\\hashtable_class_helper.pxi", line 7089, in pandas._libs.hashtable.PyObjectHashTable.get_item
KeyError: 'volatility'

The above exception was the direct cause of the following exception:

Traceback (most recent call last):
  File "V:\PlayGround\mt5_trading_bot\main.py", line 72, in main
    df = strategy.calculate_indicators(df)
  File "V:\PlayGround\mt5_trading_bot\services\trade_manager.py", line 20, in manage_positions
    current_vol = last_candle['volatility'] # Rolling val
  File "C:\Users\vasan\AppData\Local\Programs\Python\Python39\lib\site-packages\pandas\core\series.py", line 1121, in __getitem__
    return self._get_value(key)
  File "C:\Users\vasan\AppData\Local\Programs\Python\Python39\lib\site-packages\pandas\core\series.py", line 1237, in _get_value
    loc = self.index.get_loc(label)
  File "C:\Users\vasan\AppData\Local\Programs\Python\Python39\lib\site-packages\pandas\core\indexes\base.py", line 3812, in get_loc
    raise KeyError(key) from err
KeyError: 'volatility'
2025-12-20 19:25:41,828 - Main - ERROR - Unexpected Error: 'volatility'
Traceback (most recent call last):
  File "C:\Users\vasan\AppData\Local\Programs\Python\Python39\lib\site-packages\pandas\core\indexes\base.py", line 3805, in get_loc
    return self._engine.get_loc(casted_key)
  File "index.pyx", line 167, in pandas._libs.index.IndexEngine.get_loc
  File "index.pyx", line 196, in pandas._libs.index.IndexEngine.get_loc
  File "pandas\\_libs\\hashtable_class_helper.pxi", line 7081, in pandas._libs.hashtable.PyObjectHashTable.get_item
  File "pandas\\_libs\\hashtable_class_helper.pxi", line 7089, in pandas._libs.hashtable.PyObjectHashTable.get_item
KeyError: 'volatility'

The above exception was the direct cause of the following exception:

Traceback (most recent call last):
  File "V:\PlayGround\mt5_trading_bot\main.py", line 72, in main
    df = strategy.calculate_indicators(df)
  File "V:\PlayGround\mt5_trading_bot\services\trade_manager.py", line 20, in manage_positions
    current_vol = last_candle['volatility'] # Rolling val
  File "C:\Users\vasan\AppData\Local\Programs\Python\Python39\lib\site-packages\pandas\core\series.py", line 1121, in __getitem__
    return self._get_value(key)
  File "C:\Users\vasan\AppData\Local\Programs\Python\Python39\lib\site-packages\pandas\core\series.py", line 1237, in _get_value
    loc = self.index.get_loc(label)
  File "C:\Users\vasan\AppData\Local\Programs\Python\Python39\lib\site-packages\pandas\core\indexes\base.py", line 3812, in get_loc
    raise KeyError(key) from err
KeyError: 'volatility'
2025-12-20 19:25:44,249 - Main - INFO - Bot Starting...
2025-12-20 19:25:44,269 - Main - INFO - Connected. Balance: 500.0 USD
2025-12-20 19:25:44,304 - Strategy - INFO - Outside Trading Session
2025-12-20 19:25:46,843 - Main - ERROR - Unexpected Error: 'volatility'
Traceback (most recent call last):
  File "C:\Users\vasan\AppData\Local\Programs\Python\Python39\lib\site-packages\pandas\core\indexes\base.py", line 3805, in get_loc
    return self._engine.get_loc(casted_key)
  File "index.pyx", line 167, in pandas._libs.index.IndexEngine.get_loc
  File "index.pyx", line 196, in pandas._libs.index.IndexEngine.get_loc
  File "pandas\\_libs\\hashtable_class_helper.pxi", line 7081, in pandas._libs.hashtable.PyObjectHashTable.get_item
  File "pandas\\_libs\\hashtable_class_helper.pxi", line 7089, in pandas._libs.hashtable.PyObjectHashTable.get_item
KeyError: 'volatility'

The above exception was the direct cause of the following exception:

Traceback (most recent call last):
  File "V:\PlayGround\mt5_trading_bot\main.py", line 72, in main
    df = strategy.calculate_indicators(df)
  File "V:\PlayGround\mt5_trading_bot\services\trade_manager.py", line 20, in manage_positions
    current_vol = last_candle['volatility'] # Rolling val
  File "C:\Users\vasan\AppData\Local\Programs\Python\Python39\lib\site-packages\pandas\core\series.py", line 1121, in __getitem__
    return self._get_value(key)
  File "C:\Users\vasan\AppData\Local\Programs\Python\Python39\lib\site-packages\pandas\core\series.py", line 1237, in _get_value
    loc = self.index.get_loc(label)
  File "C:\Users\vasan\AppData\Local\Programs\Python\Python39\lib\site-packages\pandas\core\indexes\base.py", line 3812, in get_loc
    raise KeyError(key) from err
KeyError: 'volatility'
2025-12-20 19:25:51,851 - Main - ERROR - Unexpected Error: 'volatility'
Traceback (most recent call last):
  File "C:\Users\vasan\AppData\Local\Programs\Python\Python39\lib\site-packages\pandas\core\indexes\base.py", line 3805, in get_loc
    return self._engine.get_loc(casted_key)
  File "index.pyx", line 167, in pandas._libs.index.IndexEngine.get_loc
  File "index.pyx", line 196, in pandas._libs.index.IndexEngine.get_loc
  File "pandas\\_libs\\hashtable_class_helper.pxi", line 7081, in pandas._libs.hashtable.PyObjectHashTable.get_item
  File "pandas\\_libs\\hashtable_class_helper.pxi", line 7089, in pandas._libs.hashtable.PyObjectHashTable.get_item
KeyError: 'volatility'

The above exception was the direct cause of the following exception:

Traceback (most recent call last):
  File "V:\PlayGround\mt5_trading_bot\main.py", line 72, in main
    df = strategy.calculate_indicators(df)
  File "V:\PlayGround\mt5_trading_bot\services\trade_manager.py", line 20, in manage_positions
    current_vol = last_candle['volatility'] # Rolling val
  File "C:\Users\vasan\AppData\Local\Programs\Python\Python39\lib\site-packages\pandas\core\series.py", line 1121, in __getitem__
    return self._get_value(key)
  File "C:\Users\vasan\AppData\Local\Programs\Python\Python39\lib\site-packages\pandas\core\series.py", line 1237, in _get_value
    loc = self.index.get_loc(label)
  File "C:\Users\vasan\AppData\Local\Programs\Python\Python39\lib\site-packages\pandas\core\indexes\base.py", line 3812, in get_loc
    raise KeyError(key) from err
KeyError: 'volatility'
2025-12-20 19:25:54,316 - Strategy - INFO - Outside Trading Session
2025-12-20 19:25:56,866 - Main - ERROR - Unexpected Error: 'volatility'
Traceback (most recent call last):
  File "C:\Users\vasan\AppData\Local\Programs\Python\Python39\lib\site-packages\pandas\core\indexes\base.py", line 3805, in get_loc
    return self._engine.get_loc(casted_key)
  File "index.pyx", line 167, in pandas._libs.index.IndexEngine.get_loc
  File "index.pyx", line 196, in pandas._libs.index.IndexEngine.get_loc
  File "pandas\\_libs\\hashtable_class_helper.pxi", line 7081, in pandas._libs.hashtable.PyObjectHashTable.get_item
  File "pandas\\_libs\\hashtable_class_helper.pxi", line 7089, in pandas._libs.hashtable.PyObjectHashTable.get_item
KeyError: 'volatility'

The above exception was the direct cause of the following exception:

Traceback (most recent call last):
  File "V:\PlayGround\mt5_trading_bot\main.py", line 72, in main
    df = strategy.calculate_indicators(df)
  File "V:\PlayGround\mt5_trading_bot\services\trade_manager.py", line 20, in manage_positions
    current_vol = last_candle['volatility'] # Rolling val
  File "C:\Users\vasan\AppData\Local\Programs\Python\Python39\lib\site-packages\pandas\core\series.py", line 1121, in __getitem__
    return self._get_value(key)
  File "C:\Users\vasan\AppData\Local\Programs\Python\Python39\lib\site-packages\pandas\core\series.py", line 1237, in _get_value
    loc = self.index.get_loc(label)
  File "C:\Users\vasan\AppData\Local\Programs\Python\Python39\lib\site-packages\pandas\core\indexes\base.py", line 3812, in get_loc
    raise KeyError(key) from err
KeyError: 'volatility'
2025-12-20 19:26:01,885 - Main - ERROR - Unexpected Error: 'volatility'
Traceback (most recent call last):
  File "C:\Users\vasan\AppData\Local\Programs\Python\Python39\lib\site-packages\pandas\core\indexes\base.py", line 3805, in get_loc
    return self._engine.get_loc(casted_key)
  File "index.pyx", line 167, in pandas._libs.index.IndexEngine.get_loc
  File "index.pyx", line 196, in pandas._libs.index.IndexEngine.get_loc
  File "pandas\\_libs\\hashtable_class_helper.pxi", line 7081, in pandas._libs.hashtable.PyObjectHashTable.get_item
  File "pandas\\_libs\\hashtable_class_helper.pxi", line 7089, in pandas._libs.hashtable.PyObjectHashTable.get_item
KeyError: 'volatility'

The above exception was the direct cause of the following exception:

Traceback (most recent call last):
  File "V:\PlayGround\mt5_trading_bot\main.py", line 72, in main
    df = strategy.calculate_indicators(df)
  File "V:\PlayGround\mt5_trading_bot\services\trade_manager.py", line 20, in manage_positions
    current_vol = last_candle['volatility'] # Rolling val
  File "C:\Users\vasan\AppData\Local\Programs\Python\Python39\lib\site-packages\pandas\core\series.py", line 1121, in __getitem__
    return self._get_value(key)
  File "C:\Users\vasan\AppData\Local\Programs\Python\Python39\lib\site-packages\pandas\core\series.py", line 1237, in _get_value
    loc = self.index.get_loc(label)
  File "C:\Users\vasan\AppData\Local\Programs\Python\Python39\lib\site-packages\pandas\core\indexes\base.py", line 3812, in get_loc
    raise KeyError(key) from err
KeyError: 'volatility'
2025-12-20 19:26:04,334 - Strategy - INFO - Outside Trading Session
2025-12-20 19:26:06,903 - Main - ERROR - Unexpected Error: 'volatility'
Traceback (most recent call last):
  File "C:\Users\vasan\AppData\Local\Programs\Python\Python39\lib\site-packages\pandas\core\indexes\base.py", line 3805, in get_loc
    return self._engine.get_loc(casted_key)
  File "index.pyx", line 167, in pandas._libs.index.IndexEngine.get_loc
  File "index.pyx", line 196, in pandas._libs.index.IndexEngine.get_loc
  File "pandas\\_libs\\hashtable_class_helper.pxi", line 7081, in pandas._libs.hashtable.PyObjectHashTable.get_item
  File "pandas\\_libs\\hashtable_class_helper.pxi", line 7089, in pandas._libs.hashtable.PyObjectHashTable.get_item
KeyError: 'volatility'

The above exception was the direct cause of the following exception:

Traceback (most recent call last):
  File "V:\PlayGround\mt5_trading_bot\main.py", line 72, in main
    df = strategy.calculate_indicators(df)
  File "V:\PlayGround\mt5_trading_bot\services\trade_manager.py", line 20, in manage_positions
    current_vol = last_candle['volatility'] # Rolling val
  File "C:\Users\vasan\AppData\Local\Programs\Python\Python39\lib\site-packages\pandas\core\series.py", line 1121, in __getitem__
    return self._get_value(key)
  File "C:\Users\vasan\AppData\Local\Programs\Python\Python39\lib\site-packages\pandas\core\series.py", line 1237, in _get_value
    loc = self.index.get_loc(label)
  File "C:\Users\vasan\AppData\Local\Programs\Python\Python39\lib\site-packages\pandas\core\indexes\base.py", line 3812, in get_loc
    raise KeyError(key) from err
KeyError: 'volatility'
2025-12-20 19:26:07,029 - Main - INFO - Stopping Bot...
2025-12-20 19:26:11,914 - Main - ERROR - Unexpected Error: 'volatility'
Traceback (most recent call last):
  File "C:\Users\vasan\AppData\Local\Programs\Python\Python39\lib\site-packages\pandas\core\indexes\base.py", line 3805, in get_loc
    return self._engine.get_loc(casted_key)
  File "index.pyx", line 167, in pandas._libs.index.IndexEngine.get_loc
  File "index.pyx", line 196, in pandas._libs.index.IndexEngine.get_loc
  File "pandas\\_libs\\hashtable_class_helper.pxi", line 7081, in pandas._libs.hashtable.PyObjectHashTable.get_item
  File "pandas\\_libs\\hashtable_class_helper.pxi", line 7089, in pandas._libs.hashtable.PyObjectHashTable.get_item
KeyError: 'volatility'

The above exception was the direct cause of the following exception:

Traceback (most recent call last):
  File "V:\PlayGround\mt5_trading_bot\main.py", line 72, in main
    df = strategy.calculate_indicators(df)
  File "V:\PlayGround\mt5_trading_bot\services\trade_manager.py", line 20, in manage_positions
    current_vol = last_candle['volatility'] # Rolling val
  File "C:\Users\vasan\AppData\Local\Programs\Python\Python39\lib\site-packages\pandas\core\series.py", line 1121, in __getitem__
    return self._get_value(key)
  File "C:\Users\vasan\AppData\Local\Programs\Python\Python39\lib\site-packages\pandas\core\series.py", line 1237, in _get_value
    loc = self.index.get_loc(label)
  File "C:\Users\vasan\AppData\Local\Programs\Python\Python39\lib\site-packages\pandas\core\indexes\base.py", line 3812, in get_loc
    raise KeyError(key) from err
KeyError: 'volatility'
2025-12-20 19:26:16,924 - Main - ERROR - Unexpected Error: 'volatility'
Traceback (most recent call last):
  File "C:\Users\vasan\AppData\Local\Programs\Python\Python39\lib\site-packages\pandas\core\indexes\base.py", line 3805, in get_loc
    return self._engine.get_loc(casted_key)
  File "index.pyx", line 167, in pandas._libs.index.IndexEngine.get_loc
  File "index.pyx", line 196, in pandas._libs.index.IndexEngine.get_loc
  File "pandas\\_libs\\hashtable_class_helper.pxi", line 7081, in pandas._libs.hashtable.PyObjectHashTable.get_item
  File "pandas\\_libs\\hashtable_class_helper.pxi", line 7089, in pandas._libs.hashtable.PyObjectHashTable.get_item
KeyError: 'volatility'

The above exception was the direct cause of the following exception:

Traceback (most recent call last):
  File "V:\PlayGround\mt5_trading_bot\main.py", line 72, in main
    df = strategy.calculate_indicators(df)
  File "V:\PlayGround\mt5_trading_bot\services\trade_manager.py", line 20, in manage_positions
    current_vol = last_candle['volatility'] # Rolling val
  File "C:\Users\vasan\AppData\Local\Programs\Python\Python39\lib\site-packages\pandas\core\series.py", line 1121, in __getitem__
    return self._get_value(key)
  File "C:\Users\vasan\AppData\Local\Programs\Python\Python39\lib\site-packages\pandas\core\series.py", line 1237, in _get_value
    loc = self.index.get_loc(label)
  File "C:\Users\vasan\AppData\Local\Programs\Python\Python39\lib\site-packages\pandas\core\indexes\base.py", line 3812, in get_loc
    raise KeyError(key) from err
KeyError: 'volatility'
2025-12-20 19:26:21,933 - Main - ERROR - Unexpected Error: 'volatility'
Traceback (most recent call last):
  File "C:\Users\vasan\AppData\Local\Programs\Python\Python39\lib\site-packages\pandas\core\indexes\base.py", line 3805, in get_loc
    return self._engine.get_loc(casted_key)
  File "index.pyx", line 167, in pandas._libs.index.IndexEngine.get_loc
  File "index.pyx", line 196, in pandas._libs.index.IndexEngine.get_loc
  File "pandas\\_libs\\hashtable_class_helper.pxi", line 7081, in pandas._libs.hashtable.PyObjectHashTable.get_item
  File "pandas\\_libs\\hashtable_class_helper.pxi", line 7089, in pandas._libs.hashtable.PyObjectHashTable.get_item
KeyError: 'volatility'

The above exception was the direct cause of the following exception:

Traceback (most recent call last):
  File "V:\PlayGround\mt5_trading_bot\main.py", line 72, in main
    df = strategy.calculate_indicators(df)
  File "V:\PlayGround\mt5_trading_bot\services\trade_manager.py", line 20, in manage_positions
    current_vol = last_candle['volatility'] # Rolling val
  File "C:\Users\vasan\AppData\Local\Programs\Python\Python39\lib\site-packages\pandas\core\series.py", line 1121, in __getitem__
    return self._get_value(key)
  File "C:\Users\vasan\AppData\Local\Programs\Python\Python39\lib\site-packages\pandas\core\series.py", line 1237, in _get_value
    loc = self.index.get_loc(label)
  File "C:\Users\vasan\AppData\Local\Programs\Python\Python39\lib\site-packages\pandas\core\indexes\base.py", line 3812, in get_loc
    raise KeyError(key) from err
KeyError: 'volatility'
2025-12-20 19:26:26,947 - Main - ERROR - Unexpected Error: 'volatility'
Traceback (most recent call last):
  File "C:\Users\vasan\AppData\Local\Programs\Python\Python39\lib\site-packages\pandas\core\indexes\base.py", line 3805, in get_loc
    return self._engine.get_loc(casted_key)
  File "index.pyx", line 167, in pandas._libs.index.IndexEngine.get_loc
  File "index.pyx", line 196, in pandas._libs.index.IndexEngine.get_loc
  File "pandas\\_libs\\hashtable_class_helper.pxi", line 7081, in pandas._libs.hashtable.PyObjectHashTable.get_item
  File "pandas\\_libs\\hashtable_class_helper.pxi", line 7089, in pandas._libs.hashtable.PyObjectHashTable.get_item
KeyError: 'volatility'

The above exception was the direct cause of the following exception:

Traceback (most recent call last):
  File "V:\PlayGround\mt5_trading_bot\main.py", line 72, in main
    df = strategy.calculate_indicators(df)
  File "V:\PlayGround\mt5_trading_bot\services\trade_manager.py", line 20, in manage_positions
    current_vol = last_candle['volatility'] # Rolling val
  File "C:\Users\vasan\AppData\Local\Programs\Python\Python39\lib\site-packages\pandas\core\series.py", line 1121, in __getitem__
    return self._get_value(key)
  File "C:\Users\vasan\AppData\Local\Programs\Python\Python39\lib\site-packages\pandas\core\series.py", line 1237, in _get_value
    loc = self.index.get_loc(label)
  File "C:\Users\vasan\AppData\Local\Programs\Python\Python39\lib\site-packages\pandas\core\indexes\base.py", line 3812, in get_loc
    raise KeyError(key) from err
KeyError: 'volatility'
2025-12-20 19:26:31,966 - Main - ERROR - Unexpected Error: 'volatility'
Traceback (most recent call last):
  File "C:\Users\vasan\AppData\Local\Programs\Python\Python39\lib\site-packages\pandas\core\indexes\base.py", line 3805, in get_loc
    return self._engine.get_loc(casted_key)
  File "index.pyx", line 167, in pandas._libs.index.IndexEngine.get_loc
  File "index.pyx", line 196, in pandas._libs.index.IndexEngine.get_loc
  File "pandas\\_libs\\hashtable_class_helper.pxi", line 7081, in pandas._libs.hashtable.PyObjectHashTable.get_item
  File "pandas\\_libs\\hashtable_class_helper.pxi", line 7089, in pandas._libs.hashtable.PyObjectHashTable.get_item
KeyError: 'volatility'

The above exception was the direct cause of the following exception:

Traceback (most recent call last):
  File "V:\PlayGround\mt5_trading_bot\main.py", line 72, in main
    df = strategy.calculate_indicators(df)
  File "V:\PlayGround\mt5_trading_bot\services\trade_manager.py", line 20, in manage_positions
    current_vol = last_candle['volatility'] # Rolling val
  File "C:\Users\vasan\AppData\Local\Programs\Python\Python39\lib\site-packages\pandas\core\series.py", line 1121, in __getitem__
    return self._get_value(key)
  File "C:\Users\vasan\AppData\Local\Programs\Python\Python39\lib\site-packages\pandas\core\series.py", line 1237, in _get_value
    loc = self.index.get_loc(label)
  File "C:\Users\vasan\AppData\Local\Programs\Python\Python39\lib\site-packages\pandas\core\indexes\base.py", line 3812, in get_loc
    raise KeyError(key) from err
KeyError: 'volatility'
2025-12-20 19:26:36,980 - Main - ERROR - Unexpected Error: 'volatility'
Traceback (most recent call last):
  File "C:\Users\vasan\AppData\Local\Programs\Python\Python39\lib\site-packages\pandas\core\indexes\base.py", line 3805, in get_loc
    return self._engine.get_loc(casted_key)
  File "index.pyx", line 167, in pandas._libs.index.IndexEngine.get_loc
  File "index.pyx", line 196, in pandas._libs.index.IndexEngine.get_loc
  File "pandas\\_libs\\hashtable_class_helper.pxi", line 7081, in pandas._libs.hashtable.PyObjectHashTable.get_item
  File "pandas\\_libs\\hashtable_class_helper.pxi", line 7089, in pandas._libs.hashtable.PyObjectHashTable.get_item
KeyError: 'volatility'

The above exception was the direct cause of the following exception:

Traceback (most recent call last):
  File "V:\PlayGround\mt5_trading_bot\main.py", line 72, in main
    df = strategy.calculate_indicators(df)
  File "V:\PlayGround\mt5_trading_bot\services\trade_manager.py", line 20, in manage_positions
    current_vol = last_candle['volatility'] # Rolling val
  File "C:\Users\vasan\AppData\Local\Programs\Python\Python39\lib\site-packages\pandas\core\series.py", line 1121, in __getitem__
    return self._get_value(key)
  File "C:\Users\vasan\AppData\Local\Programs\Python\Python39\lib\site-packages\pandas\core\series.py", line 1237, in _get_value
    loc = self.index.get_loc(label)
  File "C:\Users\vasan\AppData\Local\Programs\Python\Python39\lib\site-packages\pandas\core\indexes\base.py", line 3812, in get_loc
    raise KeyError(key) from err
KeyError: 'volatility'
2025-12-20 19:26:39,543 - Main - INFO - Bot Starting...
2025-12-20 19:26:39,565 - Main - INFO - Connected. Balance: 500.0 USD
2025-12-20 19:26:39,580 - Strategy - INFO - Outside Trading Session
2025-12-20 19:26:41,996 - Main - ERROR - Unexpected Error: 'volatility'
Traceback (most recent call last):
  File "C:\Users\vasan\AppData\Local\Programs\Python\Python39\lib\site-packages\pandas\core\indexes\base.py", line 3805, in get_loc
    return self._engine.get_loc(casted_key)
  File "index.pyx", line 167, in pandas._libs.index.IndexEngine.get_loc
  File "index.pyx", line 196, in pandas._libs.index.IndexEngine.get_loc
  File "pandas\\_libs\\hashtable_class_helper.pxi", line 7081, in pandas._libs.hashtable.PyObjectHashTable.get_item
  File "pandas\\_libs\\hashtable_class_helper.pxi", line 7089, in pandas._libs.hashtable.PyObjectHashTable.get_item
KeyError: 'volatility'

The above exception was the direct cause of the following exception:

Traceback (most recent call last):
  File "V:\PlayGround\mt5_trading_bot\main.py", line 72, in main
    df = strategy.calculate_indicators(df)
  File "V:\PlayGround\mt5_trading_bot\services\trade_manager.py", line 20, in manage_positions
    current_vol = last_candle['volatility'] # Rolling val
  File "C:\Users\vasan\AppData\Local\Programs\Python\Python39\lib\site-packages\pandas\core\series.py", line 1121, in __getitem__
    return self._get_value(key)
  File "C:\Users\vasan\AppData\Local\Programs\Python\Python39\lib\site-packages\pandas\core\series.py", line 1237, in _get_value
    loc = self.index.get_loc(label)
  File "C:\Users\vasan\AppData\Local\Programs\Python\Python39\lib\site-packages\pandas\core\indexes\base.py", line 3812, in get_loc
    raise KeyError(key) from err
KeyError: 'volatility'
2025-12-20 19:26:47,009 - Main - ERROR - Unexpected Error: 'volatility'
Traceback (most recent call last):
  File "C:\Users\vasan\AppData\Local\Programs\Python\Python39\lib\site-packages\pandas\core\indexes\base.py", line 3805, in get_loc
    return self._engine.get_loc(casted_key)
  File "index.pyx", line 167, in pandas._libs.index.IndexEngine.get_loc
  File "index.pyx", line 196, in pandas._libs.index.IndexEngine.get_loc
  File "pandas\\_libs\\hashtable_class_helper.pxi", line 7081, in pandas._libs.hashtable.PyObjectHashTable.get_item
  File "pandas\\_libs\\hashtable_class_helper.pxi", line 7089, in pandas._libs.hashtable.PyObjectHashTable.get_item
KeyError: 'volatility'

The above exception was the direct cause of the following exception:

Traceback (most recent call last):
  File "V:\PlayGround\mt5_trading_bot\main.py", line 72, in main
    df = strategy.calculate_indicators(df)
  File "V:\PlayGround\mt5_trading_bot\services\trade_manager.py", line 20, in manage_positions
    current_vol = last_candle['volatility'] # Rolling val
  File "C:\Users\vasan\AppData\Local\Programs\Python\Python39\lib\site-packages\pandas\core\series.py", line 1121, in __getitem__
    return self._get_value(key)
  File "C:\Users\vasan\AppData\Local\Programs\Python\Python39\lib\site-packages\pandas\core\series.py", line 1237, in _get_value
    loc = self.index.get_loc(label)
  File "C:\Users\vasan\AppData\Local\Programs\Python\Python39\lib\site-packages\pandas\core\indexes\base.py", line 3812, in get_loc
    raise KeyError(key) from err
KeyError: 'volatility'
2025-12-20 19:26:49,608 - Strategy - INFO - Outside Trading Session
2025-12-20 19:26:52,030 - Main - ERROR - Unexpected Error: 'volatility'
Traceback (most recent call last):
  File "C:\Users\vasan\AppData\Local\Programs\Python\Python39\lib\site-packages\pandas\core\indexes\base.py", line 3805, in get_loc
    return self._engine.get_loc(casted_key)
  File "index.pyx", line 167, in pandas._libs.index.IndexEngine.get_loc
  File "index.pyx", line 196, in pandas._libs.index.IndexEngine.get_loc
  File "pandas\\_libs\\hashtable_class_helper.pxi", line 7081, in pandas._libs.hashtable.PyObjectHashTable.get_item
  File "pandas\\_libs\\hashtable_class_helper.pxi", line 7089, in pandas._libs.hashtable.PyObjectHashTable.get_item
KeyError: 'volatility'

The above exception was the direct cause of the following exception:

Traceback (most recent call last):
  File "V:\PlayGround\mt5_trading_bot\main.py", line 72, in main
    df = strategy.calculate_indicators(df)
  File "V:\PlayGround\mt5_trading_bot\services\trade_manager.py", line 20, in manage_positions
    current_vol = last_candle['volatility'] # Rolling val
  File "C:\Users\vasan\AppData\Local\Programs\Python\Python39\lib\site-packages\pandas\core\series.py", line 1121, in __getitem__
    return self._get_value(key)
  File "C:\Users\vasan\AppData\Local\Programs\Python\Python39\lib\site-packages\pandas\core\series.py", line 1237, in _get_value
    loc = self.index.get_loc(label)
  File "C:\Users\vasan\AppData\Local\Programs\Python\Python39\lib\site-packages\pandas\core\indexes\base.py", line 3812, in get_loc
    raise KeyError(key) from err
KeyError: 'volatility'
2025-12-20 19:26:57,049 - Main - ERROR - Unexpected Error: 'volatility'
Traceback (most recent call last):
  File "C:\Users\vasan\AppData\Local\Programs\Python\Python39\lib\site-packages\pandas\core\indexes\base.py", line 3805, in get_loc
    return self._engine.get_loc(casted_key)
  File "index.pyx", line 167, in pandas._libs.index.IndexEngine.get_loc
  File "index.pyx", line 196, in pandas._libs.index.IndexEngine.get_loc
  File "pandas\\_libs\\hashtable_class_helper.pxi", line 7081, in pandas._libs.hashtable.PyObjectHashTable.get_item
  File "pandas\\_libs\\hashtable_class_helper.pxi", line 7089, in pandas._libs.hashtable.PyObjectHashTable.get_item
KeyError: 'volatility'

The above exception was the direct cause of the following exception:

Traceback (most recent call last):
  File "V:\PlayGround\mt5_trading_bot\main.py", line 72, in main
    df = strategy.calculate_indicators(df)
  File "V:\PlayGround\mt5_trading_bot\services\trade_manager.py", line 20, in manage_positions
    current_vol = last_candle['volatility'] # Rolling val
  File "C:\Users\vasan\AppData\Local\Programs\Python\Python39\lib\site-packages\pandas\core\series.py", line 1121, in __getitem__
    return self._get_value(key)
  File "C:\Users\vasan\AppData\Local\Programs\Python\Python39\lib\site-packages\pandas\core\series.py", line 1237, in _get_value
    loc = self.index.get_loc(label)
  File "C:\Users\vasan\AppData\Local\Programs\Python\Python39\lib\site-packages\pandas\core\indexes\base.py", line 3812, in get_loc
    raise KeyError(key) from err
KeyError: 'volatility'
2025-12-20 19:26:59,629 - Strategy - INFO - Outside Trading Session
2025-12-20 19:27:02,069 - Main - ERROR - Unexpected Error: 'volatility'
Traceback (most recent call last):
  File "C:\Users\vasan\AppData\Local\Programs\Python\Python39\lib\site-packages\pandas\core\indexes\base.py", line 3805, in get_loc
    return self._engine.get_loc(casted_key)
  File "index.pyx", line 167, in pandas._libs.index.IndexEngine.get_loc
  File "index.pyx", line 196, in pandas._libs.index.IndexEngine.get_loc
  File "pandas\\_libs\\hashtable_class_helper.pxi", line 7081, in pandas._libs.hashtable.PyObjectHashTable.get_item
  File "pandas\\_libs\\hashtable_class_helper.pxi", line 7089, in pandas._libs.hashtable.PyObjectHashTable.get_item
KeyError: 'volatility'

The above exception was the direct cause of the following exception:

Traceback (most recent call last):
  File "V:\PlayGround\mt5_trading_bot\main.py", line 72, in main
    df = strategy.calculate_indicators(df)
  File "V:\PlayGround\mt5_trading_bot\services\trade_manager.py", line 20, in manage_positions
    current_vol = last_candle['volatility'] # Rolling val
  File "C:\Users\vasan\AppData\Local\Programs\Python\Python39\lib\site-packages\pandas\core\series.py", line 1121, in __getitem__
    return self._get_value(key)
  File "C:\Users\vasan\AppData\Local\Programs\Python\Python39\lib\site-packages\pandas\core\series.py", line 1237, in _get_value
    loc = self.index.get_loc(label)
  File "C:\Users\vasan\AppData\Local\Programs\Python\Python39\lib\site-packages\pandas\core\indexes\base.py", line 3812, in get_loc
    raise KeyError(key) from err
KeyError: 'volatility'
2025-12-20 19:27:07,087 - Main - ERROR - Unexpected Error: 'volatility'
Traceback (most recent call last):
  File "C:\Users\vasan\AppData\Local\Programs\Python\Python39\lib\site-packages\pandas\core\indexes\base.py", line 3805, in get_loc
    return self._engine.get_loc(casted_key)
  File "index.pyx", line 167, in pandas._libs.index.IndexEngine.get_loc
  File "index.pyx", line 196, in pandas._libs.index.IndexEngine.get_loc
  File "pandas\\_libs\\hashtable_class_helper.pxi", line 7081, in pandas._libs.hashtable.PyObjectHashTable.get_item
  File "pandas\\_libs\\hashtable_class_helper.pxi", line 7089, in pandas._libs.hashtable.PyObjectHashTable.get_item
KeyError: 'volatility'

The above exception was the direct cause of the following exception:

Traceback (most recent call last):
  File "V:\PlayGround\mt5_trading_bot\main.py", line 72, in main
    df = strategy.calculate_indicators(df)
  File "V:\PlayGround\mt5_trading_bot\services\trade_manager.py", line 20, in manage_positions
    current_vol = last_candle['volatility'] # Rolling val
  File "C:\Users\vasan\AppData\Local\Programs\Python\Python39\lib\site-packages\pandas\core\series.py", line 1121, in __getitem__
    return self._get_value(key)
  File "C:\Users\vasan\AppData\Local\Programs\Python\Python39\lib\site-packages\pandas\core\series.py", line 1237, in _get_value
    loc = self.index.get_loc(label)
  File "C:\Users\vasan\AppData\Local\Programs\Python\Python39\lib\site-packages\pandas\core\indexes\base.py", line 3812, in get_loc
    raise KeyError(key) from err
KeyError: 'volatility'
2025-12-20 19:27:09,649 - Strategy - INFO - Outside Trading Session
2025-12-20 19:27:12,100 - Main - ERROR - Unexpected Error: 'volatility'
Traceback (most recent call last):
  File "C:\Users\vasan\AppData\Local\Programs\Python\Python39\lib\site-packages\pandas\core\indexes\base.py", line 3805, in get_loc
    return self._engine.get_loc(casted_key)
  File "index.pyx", line 167, in pandas._libs.index.IndexEngine.get_loc
  File "index.pyx", line 196, in pandas._libs.index.IndexEngine.get_loc
  File "pandas\\_libs\\hashtable_class_helper.pxi", line 7081, in pandas._libs.hashtable.PyObjectHashTable.get_item
  File "pandas\\_libs\\hashtable_class_helper.pxi", line 7089, in pandas._libs.hashtable.PyObjectHashTable.get_item
KeyError: 'volatility'

The above exception was the direct cause of the following exception:

Traceback (most recent call last):
  File "V:\PlayGround\mt5_trading_bot\main.py", line 72, in main
    df = strategy.calculate_indicators(df)
  File "V:\PlayGround\mt5_trading_bot\services\trade_manager.py", line 20, in manage_positions
    current_vol = last_candle['volatility'] # Rolling val
  File "C:\Users\vasan\AppData\Local\Programs\Python\Python39\lib\site-packages\pandas\core\series.py", line 1121, in __getitem__
    return self._get_value(key)
  File "C:\Users\vasan\AppData\Local\Programs\Python\Python39\lib\site-packages\pandas\core\series.py", line 1237, in _get_value
    loc = self.index.get_loc(label)
  File "C:\Users\vasan\AppData\Local\Programs\Python\Python39\lib\site-packages\pandas\core\indexes\base.py", line 3812, in get_loc
    raise KeyError(key) from err
KeyError: 'volatility'
2025-12-20 19:27:17,115 - Main - ERROR - Unexpected Error: 'volatility'
Traceback (most recent call last):
  File "C:\Users\vasan\AppData\Local\Programs\Python\Python39\lib\site-packages\pandas\core\indexes\base.py", line 3805, in get_loc
    return self._engine.get_loc(casted_key)
  File "index.pyx", line 167, in pandas._libs.index.IndexEngine.get_loc
  File "index.pyx", line 196, in pandas._libs.index.IndexEngine.get_loc
  File "pandas\\_libs\\hashtable_class_helper.pxi", line 7081, in pandas._libs.hashtable.PyObjectHashTable.get_item
  File "pandas\\_libs\\hashtable_class_helper.pxi", line 7089, in pandas._libs.hashtable.PyObjectHashTable.get_item
KeyError: 'volatility'

The above exception was the direct cause of the following exception:

Traceback (most recent call last):
  File "V:\PlayGround\mt5_trading_bot\main.py", line 72, in main
    df = strategy.calculate_indicators(df)
  File "V:\PlayGround\mt5_trading_bot\services\trade_manager.py", line 20, in manage_positions
    current_vol = last_candle['volatility'] # Rolling val
  File "C:\Users\vasan\AppData\Local\Programs\Python\Python39\lib\site-packages\pandas\core\series.py", line 1121, in __getitem__
    return self._get_value(key)
  File "C:\Users\vasan\AppData\Local\Programs\Python\Python39\lib\site-packages\pandas\core\series.py", line 1237, in _get_value
    loc = self.index.get_loc(label)
  File "C:\Users\vasan\AppData\Local\Programs\Python\Python39\lib\site-packages\pandas\core\indexes\base.py", line 3812, in get_loc
    raise KeyError(key) from err
KeyError: 'volatility'
2025-12-20 19:27:19,673 - Strategy - INFO - Outside Trading Session
2025-12-20 19:27:19,869 - Main - INFO - Stopping Bot...
2025-12-20 19:27:22,134 - Main - ERROR - Unexpected Error: 'volatility'
Traceback (most recent call last):
  File "C:\Users\vasan\AppData\Local\Programs\Python\Python39\lib\site-packages\pandas\core\indexes\base.py", line 3805, in get_loc
    return self._engine.get_loc(casted_key)
  File "index.pyx", line 167, in pandas._libs.index.IndexEngine.get_loc
  File "index.pyx", line 196, in pandas._libs.index.IndexEngine.get_loc
  File "pandas\\_libs\\hashtable_class_helper.pxi", line 7081, in pandas._libs.hashtable.PyObjectHashTable.get_item
  File "pandas\\_libs\\hashtable_class_helper.pxi", line 7089, in pandas._libs.hashtable.PyObjectHashTable.get_item
KeyError: 'volatility'

The above exception was the direct cause of the following exception:

Traceback (most recent call last):
  File "V:\PlayGround\mt5_trading_bot\main.py", line 72, in main
    df = strategy.calculate_indicators(df)
  File "V:\PlayGround\mt5_trading_bot\services\trade_manager.py", line 20, in manage_positions
    current_vol = last_candle['volatility'] # Rolling val
  File "C:\Users\vasan\AppData\Local\Programs\Python\Python39\lib\site-packages\pandas\core\series.py", line 1121, in __getitem__
    return self._get_value(key)
  File "C:\Users\vasan\AppData\Local\Programs\Python\Python39\lib\site-packages\pandas\core\series.py", line 1237, in _get_value
    loc = self.index.get_loc(label)
  File "C:\Users\vasan\AppData\Local\Programs\Python\Python39\lib\site-packages\pandas\core\indexes\base.py", line 3812, in get_loc
    raise KeyError(key) from err
KeyError: 'volatility'
2025-12-20 19:27:27,153 - Main - ERROR - Unexpected Error: 'volatility'
Traceback (most recent call last):
  File "C:\Users\vasan\AppData\Local\Programs\Python\Python39\lib\site-packages\pandas\core\indexes\base.py", line 3805, in get_loc
    return self._engine.get_loc(casted_key)
  File "index.pyx", line 167, in pandas._libs.index.IndexEngine.get_loc
  File "index.pyx", line 196, in pandas._libs.index.IndexEngine.get_loc
  File "pandas\\_libs\\hashtable_class_helper.pxi", line 7081, in pandas._libs.hashtable.PyObjectHashTable.get_item
  File "pandas\\_libs\\hashtable_class_helper.pxi", line 7089, in pandas._libs.hashtable.PyObjectHashTable.get_item
KeyError: 'volatility'

The above exception was the direct cause of the following exception:

Traceback (most recent call last):
  File "V:\PlayGround\mt5_trading_bot\main.py", line 72, in main
    df = strategy.calculate_indicators(df)
  File "V:\PlayGround\mt5_trading_bot\services\trade_manager.py", line 20, in manage_positions
    current_vol = last_candle['volatility'] # Rolling val
  File "C:\Users\vasan\AppData\Local\Programs\Python\Python39\lib\site-packages\pandas\core\series.py", line 1121, in __getitem__
    return self._get_value(key)
  File "C:\Users\vasan\AppData\Local\Programs\Python\Python39\lib\site-packages\pandas\core\series.py", line 1237, in _get_value
    loc = self.index.get_loc(label)
  File "C:\Users\vasan\AppData\Local\Programs\Python\Python39\lib\site-packages\pandas\core\indexes\base.py", line 3812, in get_loc
    raise KeyError(key) from err
KeyError: 'volatility'
2025-12-20 19:27:32,168 - Main - ERROR - Unexpected Error: 'volatility'
Traceback (most recent call last):
  File "C:\Users\vasan\AppData\Local\Programs\Python\Python39\lib\site-packages\pandas\core\indexes\base.py", line 3805, in get_loc
    return self._engine.get_loc(casted_key)
  File "index.pyx", line 167, in pandas._libs.index.IndexEngine.get_loc
  File "index.pyx", line 196, in pandas._libs.index.IndexEngine.get_loc
  File "pandas\\_libs\\hashtable_class_helper.pxi", line 7081, in pandas._libs.hashtable.PyObjectHashTable.get_item
  File "pandas\\_libs\\hashtable_class_helper.pxi", line 7089, in pandas._libs.hashtable.PyObjectHashTable.get_item
KeyError: 'volatility'

The above exception was the direct cause of the following exception:

Traceback (most recent call last):
  File "V:\PlayGround\mt5_trading_bot\main.py", line 72, in main
    df = strategy.calculate_indicators(df)
  File "V:\PlayGround\mt5_trading_bot\services\trade_manager.py", line 20, in manage_positions
    current_vol = last_candle['volatility'] # Rolling val
  File "C:\Users\vasan\AppData\Local\Programs\Python\Python39\lib\site-packages\pandas\core\series.py", line 1121, in __getitem__
    return self._get_value(key)
  File "C:\Users\vasan\AppData\Local\Programs\Python\Python39\lib\site-packages\pandas\core\series.py", line 1237, in _get_value
    loc = self.index.get_loc(label)
  File "C:\Users\vasan\AppData\Local\Programs\Python\Python39\lib\site-packages\pandas\core\indexes\base.py", line 3812, in get_loc
    raise KeyError(key) from err
KeyError: 'volatility'
2025-12-20 19:27:37,181 - Main - ERROR - Unexpected Error: 'volatility'
Traceback (most recent call last):
  File "C:\Users\vasan\AppData\Local\Programs\Python\Python39\lib\site-packages\pandas\core\indexes\base.py", line 3805, in get_loc
    return self._engine.get_loc(casted_key)
  File "index.pyx", line 167, in pandas._libs.index.IndexEngine.get_loc
  File "index.pyx", line 196, in pandas._libs.index.IndexEngine.get_loc
  File "pandas\\_libs\\hashtable_class_helper.pxi", line 7081, in pandas._libs.hashtable.PyObjectHashTable.get_item
  File "pandas\\_libs\\hashtable_class_helper.pxi", line 7089, in pandas._libs.hashtable.PyObjectHashTable.get_item
KeyError: 'volatility'

The above exception was the direct cause of the following exception:

Traceback (most recent call last):
  File "V:\PlayGround\mt5_trading_bot\main.py", line 72, in main
    df = strategy.calculate_indicators(df)
  File "V:\PlayGround\mt5_trading_bot\services\trade_manager.py", line 20, in manage_positions
    current_vol = last_candle['volatility'] # Rolling val
  File "C:\Users\vasan\AppData\Local\Programs\Python\Python39\lib\site-packages\pandas\core\series.py", line 1121, in __getitem__
    return self._get_value(key)
  File "C:\Users\vasan\AppData\Local\Programs\Python\Python39\lib\site-packages\pandas\core\series.py", line 1237, in _get_value
    loc = self.index.get_loc(label)
  File "C:\Users\vasan\AppData\Local\Programs\Python\Python39\lib\site-packages\pandas\core\indexes\base.py", line 3812, in get_loc
    raise KeyError(key) from err
KeyError: 'volatility'
2025-12-20 19:27:42,190 - Main - ERROR - Unexpected Error: 'volatility'
Traceback (most recent call last):
  File "C:\Users\vasan\AppData\Local\Programs\Python\Python39\lib\site-packages\pandas\core\indexes\base.py", line 3805, in get_loc
    return self._engine.get_loc(casted_key)
  File "index.pyx", line 167, in pandas._libs.index.IndexEngine.get_loc
  File "index.pyx", line 196, in pandas._libs.index.IndexEngine.get_loc
  File "pandas\\_libs\\hashtable_class_helper.pxi", line 7081, in pandas._libs.hashtable.PyObjectHashTable.get_item
  File "pandas\\_libs\\hashtable_class_helper.pxi", line 7089, in pandas._libs.hashtable.PyObjectHashTable.get_item
KeyError: 'volatility'

The above exception was the direct cause of the following exception:

Traceback (most recent call last):
  File "V:\PlayGround\mt5_trading_bot\main.py", line 72, in main
    df = strategy.calculate_indicators(df)
  File "V:\PlayGround\mt5_trading_bot\services\trade_manager.py", line 20, in manage_positions
    current_vol = last_candle['volatility'] # Rolling val
  File "C:\Users\vasan\AppData\Local\Programs\Python\Python39\lib\site-packages\pandas\core\series.py", line 1121, in __getitem__
    return self._get_value(key)
  File "C:\Users\vasan\AppData\Local\Programs\Python\Python39\lib\site-packages\pandas\core\series.py", line 1237, in _get_value
    loc = self.index.get_loc(label)
  File "C:\Users\vasan\AppData\Local\Programs\Python\Python39\lib\site-packages\pandas\core\indexes\base.py", line 3812, in get_loc
    raise KeyError(key) from err
KeyError: 'volatility'
2025-12-20 19:27:47,209 - Main - ERROR - Unexpected Error: 'volatility'
Traceback (most recent call last):
  File "C:\Users\vasan\AppData\Local\Programs\Python\Python39\lib\site-packages\pandas\core\indexes\base.py", line 3805, in get_loc
    return self._engine.get_loc(casted_key)
  File "index.pyx", line 167, in pandas._libs.index.IndexEngine.get_loc
  File "index.pyx", line 196, in pandas._libs.index.IndexEngine.get_loc
  File "pandas\\_libs\\hashtable_class_helper.pxi", line 7081, in pandas._libs.hashtable.PyObjectHashTable.get_item
  File "pandas\\_libs\\hashtable_class_helper.pxi", line 7089, in pandas._libs.hashtable.PyObjectHashTable.get_item
KeyError: 'volatility'

The above exception was the direct cause of the following exception:

Traceback (most recent call last):
  File "V:\PlayGround\mt5_trading_bot\main.py", line 72, in main
    df = strategy.calculate_indicators(df)
  File "V:\PlayGround\mt5_trading_bot\services\trade_manager.py", line 20, in manage_positions
    current_vol = last_candle['volatility'] # Rolling val
  File "C:\Users\vasan\AppData\Local\Programs\Python\Python39\lib\site-packages\pandas\core\series.py", line 1121, in __getitem__
    return self._get_value(key)
  File "C:\Users\vasan\AppData\Local\Programs\Python\Python39\lib\site-packages\pandas\core\series.py", line 1237, in _get_value
    loc = self.index.get_loc(label)
  File "C:\Users\vasan\AppData\Local\Programs\Python\Python39\lib\site-packages\pandas\core\indexes\base.py", line 3812, in get_loc
    raise KeyError(key) from err
KeyError: 'volatility'
2025-12-20 19:27:52,223 - Main - ERROR - Unexpected Error: 'volatility'
Traceback (most recent call last):
  File "C:\Users\vasan\AppData\Local\Programs\Python\Python39\lib\site-packages\pandas\core\indexes\base.py", line 3805, in get_loc
    return self._engine.get_loc(casted_key)
  File "index.pyx", line 167, in pandas._libs.index.IndexEngine.get_loc
  File "index.pyx", line 196, in pandas._libs.index.IndexEngine.get_loc
  File "pandas\\_libs\\hashtable_class_helper.pxi", line 7081, in pandas._libs.hashtable.PyObjectHashTable.get_item
  File "pandas\\_libs\\hashtable_class_helper.pxi", line 7089, in pandas._libs.hashtable.PyObjectHashTable.get_item
KeyError: 'volatility'

The above exception was the direct cause of the following exception:

Traceback (most recent call last):
  File "V:\PlayGround\mt5_trading_bot\main.py", line 72, in main
    df = strategy.calculate_indicators(df)
  File "V:\PlayGround\mt5_trading_bot\services\trade_manager.py", line 20, in manage_positions
    current_vol = last_candle['volatility'] # Rolling val
  File "C:\Users\vasan\AppData\Local\Programs\Python\Python39\lib\site-packages\pandas\core\series.py", line 1121, in __getitem__
    return self._get_value(key)
  File "C:\Users\vasan\AppData\Local\Programs\Python\Python39\lib\site-packages\pandas\core\series.py", line 1237, in _get_value
    loc = self.index.get_loc(label)
  File "C:\Users\vasan\AppData\Local\Programs\Python\Python39\lib\site-packages\pandas\core\indexes\base.py", line 3812, in get_loc
    raise KeyError(key) from err
KeyError: 'volatility'
2025-12-20 19:27:57,239 - Main - ERROR - Unexpected Error: 'volatility'
Traceback (most recent call last):
  File "C:\Users\vasan\AppData\Local\Programs\Python\Python39\lib\site-packages\pandas\core\indexes\base.py", line 3805, in get_loc
    return self._engine.get_loc(casted_key)
  File "index.pyx", line 167, in pandas._libs.index.IndexEngine.get_loc
  File "index.pyx", line 196, in pandas._libs.index.IndexEngine.get_loc
  File "pandas\\_libs\\hashtable_class_helper.pxi", line 7081, in pandas._libs.hashtable.PyObjectHashTable.get_item
  File "pandas\\_libs\\hashtable_class_helper.pxi", line 7089, in pandas._libs.hashtable.PyObjectHashTable.get_item
KeyError: 'volatility'

The above exception was the direct cause of the following exception:

Traceback (most recent call last):
  File "V:\PlayGround\mt5_trading_bot\main.py", line 72, in main
    df = strategy.calculate_indicators(df)
  File "V:\PlayGround\mt5_trading_bot\services\trade_manager.py", line 20, in manage_positions
    current_vol = last_candle['volatility'] # Rolling val
  File "C:\Users\vasan\AppData\Local\Programs\Python\Python39\lib\site-packages\pandas\core\series.py", line 1121, in __getitem__
    return self._get_value(key)
  File "C:\Users\vasan\AppData\Local\Programs\Python\Python39\lib\site-packages\pandas\core\series.py", line 1237, in _get_value
    loc = self.index.get_loc(label)
  File "C:\Users\vasan\AppData\Local\Programs\Python\Python39\lib\site-packages\pandas\core\indexes\base.py", line 3812, in get_loc
    raise KeyError(key) from err
KeyError: 'volatility'
2025-12-20 19:28:02,259 - Main - ERROR - Unexpected Error: 'volatility'
Traceback (most recent call last):
  File "C:\Users\vasan\AppData\Local\Programs\Python\Python39\lib\site-packages\pandas\core\indexes\base.py", line 3805, in get_loc
    return self._engine.get_loc(casted_key)
  File "index.pyx", line 167, in pandas._libs.index.IndexEngine.get_loc
  File "index.pyx", line 196, in pandas._libs.index.IndexEngine.get_loc
  File "pandas\\_libs\\hashtable_class_helper.pxi", line 7081, in pandas._libs.hashtable.PyObjectHashTable.get_item
  File "pandas\\_libs\\hashtable_class_helper.pxi", line 7089, in pandas._libs.hashtable.PyObjectHashTable.get_item
KeyError: 'volatility'

The above exception was the direct cause of the following exception:

Traceback (most recent call last):
  File "V:\PlayGround\mt5_trading_bot\main.py", line 72, in main
    df = strategy.calculate_indicators(df)
  File "V:\PlayGround\mt5_trading_bot\services\trade_manager.py", line 20, in manage_positions
    current_vol = last_candle['volatility'] # Rolling val
  File "C:\Users\vasan\AppData\Local\Programs\Python\Python39\lib\site-packages\pandas\core\series.py", line 1121, in __getitem__
    return self._get_value(key)
  File "C:\Users\vasan\AppData\Local\Programs\Python\Python39\lib\site-packages\pandas\core\series.py", line 1237, in _get_value
    loc = self.index.get_loc(label)
  File "C:\Users\vasan\AppData\Local\Programs\Python\Python39\lib\site-packages\pandas\core\indexes\base.py", line 3812, in get_loc
    raise KeyError(key) from err
KeyError: 'volatility'
2025-12-20 19:28:07,270 - Main - ERROR - Unexpected Error: 'volatility'
Traceback (most recent call last):
  File "C:\Users\vasan\AppData\Local\Programs\Python\Python39\lib\site-packages\pandas\core\indexes\base.py", line 3805, in get_loc
    return self._engine.get_loc(casted_key)
  File "index.pyx", line 167, in pandas._libs.index.IndexEngine.get_loc
  File "index.pyx", line 196, in pandas._libs.index.IndexEngine.get_loc
  File "pandas\\_libs\\hashtable_class_helper.pxi", line 7081, in pandas._libs.hashtable.PyObjectHashTable.get_item
  File "pandas\\_libs\\hashtable_class_helper.pxi", line 7089, in pandas._libs.hashtable.PyObjectHashTable.get_item
KeyError: 'volatility'

The above exception was the direct cause of the following exception:

Traceback (most recent call last):
  File "V:\PlayGround\mt5_trading_bot\main.py", line 72, in main
    df = strategy.calculate_indicators(df)
  File "V:\PlayGround\mt5_trading_bot\services\trade_manager.py", line 20, in manage_positions
    current_vol = last_candle['volatility'] # Rolling val
  File "C:\Users\vasan\AppData\Local\Programs\Python\Python39\lib\site-packages\pandas\core\series.py", line 1121, in __getitem__
    return self._get_value(key)
  File "C:\Users\vasan\AppData\Local\Programs\Python\Python39\lib\site-packages\pandas\core\series.py", line 1237, in _get_value
    loc = self.index.get_loc(label)
  File "C:\Users\vasan\AppData\Local\Programs\Python\Python39\lib\site-packages\pandas\core\indexes\base.py", line 3812, in get_loc
    raise KeyError(key) from err
KeyError: 'volatility'
2025-12-20 19:28:12,292 - Main - ERROR - Unexpected Error: 'volatility'
Traceback (most recent call last):
  File "C:\Users\vasan\AppData\Local\Programs\Python\Python39\lib\site-packages\pandas\core\indexes\base.py", line 3805, in get_loc
    return self._engine.get_loc(casted_key)
  File "index.pyx", line 167, in pandas._libs.index.IndexEngine.get_loc
  File "index.pyx", line 196, in pandas._libs.index.IndexEngine.get_loc
  File "pandas\\_libs\\hashtable_class_helper.pxi", line 7081, in pandas._libs.hashtable.PyObjectHashTable.get_item
  File "pandas\\_libs\\hashtable_class_helper.pxi", line 7089, in pandas._libs.hashtable.PyObjectHashTable.get_item
KeyError: 'volatility'

The above exception was the direct cause of the following exception:

Traceback (most recent call last):
  File "V:\PlayGround\mt5_trading_bot\main.py", line 72, in main
    df = strategy.calculate_indicators(df)
  File "V:\PlayGround\mt5_trading_bot\services\trade_manager.py", line 20, in manage_positions
    current_vol = last_candle['volatility'] # Rolling val
  File "C:\Users\vasan\AppData\Local\Programs\Python\Python39\lib\site-packages\pandas\core\series.py", line 1121, in __getitem__
    return self._get_value(key)
  File "C:\Users\vasan\AppData\Local\Programs\Python\Python39\lib\site-packages\pandas\core\series.py", line 1237, in _get_value
    loc = self.index.get_loc(label)
  File "C:\Users\vasan\AppData\Local\Programs\Python\Python39\lib\site-packages\pandas\core\indexes\base.py", line 3812, in get_loc
    raise KeyError(key) from err
KeyError: 'volatility'
2025-12-20 19:28:17,312 - Main - ERROR - Unexpected Error: 'volatility'
Traceback (most recent call last):
  File "C:\Users\vasan\AppData\Local\Programs\Python\Python39\lib\site-packages\pandas\core\indexes\base.py", line 3805, in get_loc
    return self._engine.get_loc(casted_key)
  File "index.pyx", line 167, in pandas._libs.index.IndexEngine.get_loc
  File "index.pyx", line 196, in pandas._libs.index.IndexEngine.get_loc
  File "pandas\\_libs\\hashtable_class_helper.pxi", line 7081, in pandas._libs.hashtable.PyObjectHashTable.get_item
  File "pandas\\_libs\\hashtable_class_helper.pxi", line 7089, in pandas._libs.hashtable.PyObjectHashTable.get_item
KeyError: 'volatility'

The above exception was the direct cause of the following exception:

Traceback (most recent call last):
  File "V:\PlayGround\mt5_trading_bot\main.py", line 72, in main
    df = strategy.calculate_indicators(df)
  File "V:\PlayGround\mt5_trading_bot\services\trade_manager.py", line 20, in manage_positions
    current_vol = last_candle['volatility'] # Rolling val
  File "C:\Users\vasan\AppData\Local\Programs\Python\Python39\lib\site-packages\pandas\core\series.py", line 1121, in __getitem__
    return self._get_value(key)
  File "C:\Users\vasan\AppData\Local\Programs\Python\Python39\lib\site-packages\pandas\core\series.py", line 1237, in _get_value
    loc = self.index.get_loc(label)
  File "C:\Users\vasan\AppData\Local\Programs\Python\Python39\lib\site-packages\pandas\core\indexes\base.py", line 3812, in get_loc
    raise KeyError(key) from err
KeyError: 'volatility'
2025-12-20 19:28:22,342 - Main - ERROR - Unexpected Error: 'volatility'
Traceback (most recent call last):
  File "C:\Users\vasan\AppData\Local\Programs\Python\Python39\lib\site-packages\pandas\core\indexes\base.py", line 3805, in get_loc
    return self._engine.get_loc(casted_key)
  File "index.pyx", line 167, in pandas._libs.index.IndexEngine.get_loc
  File "index.pyx", line 196, in pandas._libs.index.IndexEngine.get_loc
  File "pandas\\_libs\\hashtable_class_helper.pxi", line 7081, in pandas._libs.hashtable.PyObjectHashTable.get_item
  File "pandas\\_libs\\hashtable_class_helper.pxi", line 7089, in pandas._libs.hashtable.PyObjectHashTable.get_item
KeyError: 'volatility'

The above exception was the direct cause of the following exception:

Traceback (most recent call last):
  File "V:\PlayGround\mt5_trading_bot\main.py", line 72, in main
    df = strategy.calculate_indicators(df)
  File "V:\PlayGround\mt5_trading_bot\services\trade_manager.py", line 20, in manage_positions
    current_vol = last_candle['volatility'] # Rolling val
  File "C:\Users\vasan\AppData\Local\Programs\Python\Python39\lib\site-packages\pandas\core\series.py", line 1121, in __getitem__
    return self._get_value(key)
  File "C:\Users\vasan\AppData\Local\Programs\Python\Python39\lib\site-packages\pandas\core\series.py", line 1237, in _get_value
    loc = self.index.get_loc(label)
  File "C:\Users\vasan\AppData\Local\Programs\Python\Python39\lib\site-packages\pandas\core\indexes\base.py", line 3812, in get_loc
    raise KeyError(key) from err
KeyError: 'volatility'
2025-12-20 19:28:27,362 - Main - ERROR - Unexpected Error: 'volatility'
Traceback (most recent call last):
  File "C:\Users\vasan\AppData\Local\Programs\Python\Python39\lib\site-packages\pandas\core\indexes\base.py", line 3805, in get_loc
    return self._engine.get_loc(casted_key)
  File "index.pyx", line 167, in pandas._libs.index.IndexEngine.get_loc
  File "index.pyx", line 196, in pandas._libs.index.IndexEngine.get_loc
  File "pandas\\_libs\\hashtable_class_helper.pxi", line 7081, in pandas._libs.hashtable.PyObjectHashTable.get_item
  File "pandas\\_libs\\hashtable_class_helper.pxi", line 7089, in pandas._libs.hashtable.PyObjectHashTable.get_item
KeyError: 'volatility'

The above exception was the direct cause of the following exception:

Traceback (most recent call last):
  File "V:\PlayGround\mt5_trading_bot\main.py", line 72, in main
    df = strategy.calculate_indicators(df)
  File "V:\PlayGround\mt5_trading_bot\services\trade_manager.py", line 20, in manage_positions
    current_vol = last_candle['volatility'] # Rolling val
  File "C:\Users\vasan\AppData\Local\Programs\Python\Python39\lib\site-packages\pandas\core\series.py", line 1121, in __getitem__
    return self._get_value(key)
  File "C:\Users\vasan\AppData\Local\Programs\Python\Python39\lib\site-packages\pandas\core\series.py", line 1237, in _get_value
    loc = self.index.get_loc(label)
  File "C:\Users\vasan\AppData\Local\Programs\Python\Python39\lib\site-packages\pandas\core\indexes\base.py", line 3812, in get_loc
    raise KeyError(key) from err
KeyError: 'volatility'
2025-12-20 19:28:32,381 - Main - ERROR - Unexpected Error: 'volatility'
Traceback (most recent call last):
  File "C:\Users\vasan\AppData\Local\Programs\Python\Python39\lib\site-packages\pandas\core\indexes\base.py", line 3805, in get_loc
    return self._engine.get_loc(casted_key)
  File "index.pyx", line 167, in pandas._libs.index.IndexEngine.get_loc
  File "index.pyx", line 196, in pandas._libs.index.IndexEngine.get_loc
  File "pandas\\_libs\\hashtable_class_helper.pxi", line 7081, in pandas._libs.hashtable.PyObjectHashTable.get_item
  File "pandas\\_libs\\hashtable_class_helper.pxi", line 7089, in pandas._libs.hashtable.PyObjectHashTable.get_item
KeyError: 'volatility'

The above exception was the direct cause of the following exception:

Traceback (most recent call last):
  File "V:\PlayGround\mt5_trading_bot\main.py", line 72, in main
    df = strategy.calculate_indicators(df)
  File "V:\PlayGround\mt5_trading_bot\services\trade_manager.py", line 20, in manage_positions
    current_vol = last_candle['volatility'] # Rolling val
  File "C:\Users\vasan\AppData\Local\Programs\Python\Python39\lib\site-packages\pandas\core\series.py", line 1121, in __getitem__
    return self._get_value(key)
  File "C:\Users\vasan\AppData\Local\Programs\Python\Python39\lib\site-packages\pandas\core\series.py", line 1237, in _get_value
    loc = self.index.get_loc(label)
  File "C:\Users\vasan\AppData\Local\Programs\Python\Python39\lib\site-packages\pandas\core\indexes\base.py", line 3812, in get_loc
    raise KeyError(key) from err
KeyError: 'volatility'
2025-12-20 19:28:37,392 - Main - ERROR - Unexpected Error: 'volatility'
Traceback (most recent call last):
  File "C:\Users\vasan\AppData\Local\Programs\Python\Python39\lib\site-packages\pandas\core\indexes\base.py", line 3805, in get_loc
    return self._engine.get_loc(casted_key)
  File "index.pyx", line 167, in pandas._libs.index.IndexEngine.get_loc
  File "index.pyx", line 196, in pandas._libs.index.IndexEngine.get_loc
  File "pandas\\_libs\\hashtable_class_helper.pxi", line 7081, in pandas._libs.hashtable.PyObjectHashTable.get_item
  File "pandas\\_libs\\hashtable_class_helper.pxi", line 7089, in pandas._libs.hashtable.PyObjectHashTable.get_item
KeyError: 'volatility'

The above exception was the direct cause of the following exception:

Traceback (most recent call last):
  File "V:\PlayGround\mt5_trading_bot\main.py", line 72, in main
    df = strategy.calculate_indicators(df)
  File "V:\PlayGround\mt5_trading_bot\services\trade_manager.py", line 20, in manage_positions
    current_vol = last_candle['volatility'] # Rolling val
  File "C:\Users\vasan\AppData\Local\Programs\Python\Python39\lib\site-packages\pandas\core\series.py", line 1121, in __getitem__
    return self._get_value(key)
  File "C:\Users\vasan\AppData\Local\Programs\Python\Python39\lib\site-packages\pandas\core\series.py", line 1237, in _get_value
    loc = self.index.get_loc(label)
  File "C:\Users\vasan\AppData\Local\Programs\Python\Python39\lib\site-packages\pandas\core\indexes\base.py", line 3812, in get_loc
    raise KeyError(key) from err
KeyError: 'volatility'
2025-12-20 19:28:42,407 - Main - ERROR - Unexpected Error: 'volatility'
Traceback (most recent call last):
  File "C:\Users\vasan\AppData\Local\Programs\Python\Python39\lib\site-packages\pandas\core\indexes\base.py", line 3805, in get_loc
    return self._engine.get_loc(casted_key)
  File "index.pyx", line 167, in pandas._libs.index.IndexEngine.get_loc
  File "index.pyx", line 196, in pandas._libs.index.IndexEngine.get_loc
  File "pandas\\_libs\\hashtable_class_helper.pxi", line 7081, in pandas._libs.hashtable.PyObjectHashTable.get_item
  File "pandas\\_libs\\hashtable_class_helper.pxi", line 7089, in pandas._libs.hashtable.PyObjectHashTable.get_item
KeyError: 'volatility'

The above exception was the direct cause of the following exception:

Traceback (most recent call last):
  File "V:\PlayGround\mt5_trading_bot\main.py", line 72, in main
    df = strategy.calculate_indicators(df)
  File "V:\PlayGround\mt5_trading_bot\services\trade_manager.py", line 20, in manage_positions
    current_vol = last_candle['volatility'] # Rolling val
  File "C:\Users\vasan\AppData\Local\Programs\Python\Python39\lib\site-packages\pandas\core\series.py", line 1121, in __getitem__
    return self._get_value(key)
  File "C:\Users\vasan\AppData\Local\Programs\Python\Python39\lib\site-packages\pandas\core\series.py", line 1237, in _get_value
    loc = self.index.get_loc(label)
  File "C:\Users\vasan\AppData\Local\Programs\Python\Python39\lib\site-packages\pandas\core\indexes\base.py", line 3812, in get_loc
    raise KeyError(key) from err
KeyError: 'volatility'
2025-12-20 19:28:47,421 - Main - ERROR - Unexpected Error: 'volatility'
Traceback (most recent call last):
  File "C:\Users\vasan\AppData\Local\Programs\Python\Python39\lib\site-packages\pandas\core\indexes\base.py", line 3805, in get_loc
    return self._engine.get_loc(casted_key)
  File "index.pyx", line 167, in pandas._libs.index.IndexEngine.get_loc
  File "index.pyx", line 196, in pandas._libs.index.IndexEngine.get_loc
  File "pandas\\_libs\\hashtable_class_helper.pxi", line 7081, in pandas._libs.hashtable.PyObjectHashTable.get_item
  File "pandas\\_libs\\hashtable_class_helper.pxi", line 7089, in pandas._libs.hashtable.PyObjectHashTable.get_item
KeyError: 'volatility'

The above exception was the direct cause of the following exception:

Traceback (most recent call last):
  File "V:\PlayGround\mt5_trading_bot\main.py", line 72, in main
    df = strategy.calculate_indicators(df)
  File "V:\PlayGround\mt5_trading_bot\services\trade_manager.py", line 20, in manage_positions
    current_vol = last_candle['volatility'] # Rolling val
  File "C:\Users\vasan\AppData\Local\Programs\Python\Python39\lib\site-packages\pandas\core\series.py", line 1121, in __getitem__
    return self._get_value(key)
  File "C:\Users\vasan\AppData\Local\Programs\Python\Python39\lib\site-packages\pandas\core\series.py", line 1237, in _get_value
    loc = self.index.get_loc(label)
  File "C:\Users\vasan\AppData\Local\Programs\Python\Python39\lib\site-packages\pandas\core\indexes\base.py", line 3812, in get_loc
    raise KeyError(key) from err
KeyError: 'volatility'
2025-12-20 19:28:52,438 - Main - ERROR - Unexpected Error: 'volatility'
Traceback (most recent call last):
  File "C:\Users\vasan\AppData\Local\Programs\Python\Python39\lib\site-packages\pandas\core\indexes\base.py", line 3805, in get_loc
    return self._engine.get_loc(casted_key)
  File "index.pyx", line 167, in pandas._libs.index.IndexEngine.get_loc
  File "index.pyx", line 196, in pandas._libs.index.IndexEngine.get_loc
  File "pandas\\_libs\\hashtable_class_helper.pxi", line 7081, in pandas._libs.hashtable.PyObjectHashTable.get_item
  File "pandas\\_libs\\hashtable_class_helper.pxi", line 7089, in pandas._libs.hashtable.PyObjectHashTable.get_item
KeyError: 'volatility'

The above exception was the direct cause of the following exception:

Traceback (most recent call last):
  File "V:\PlayGround\mt5_trading_bot\main.py", line 72, in main
    df = strategy.calculate_indicators(df)
  File "V:\PlayGround\mt5_trading_bot\services\trade_manager.py", line 20, in manage_positions
    current_vol = last_candle['volatility'] # Rolling val
  File "C:\Users\vasan\AppData\Local\Programs\Python\Python39\lib\site-packages\pandas\core\series.py", line 1121, in __getitem__
    return self._get_value(key)
  File "C:\Users\vasan\AppData\Local\Programs\Python\Python39\lib\site-packages\pandas\core\series.py", line 1237, in _get_value
    loc = self.index.get_loc(label)
  File "C:\Users\vasan\AppData\Local\Programs\Python\Python39\lib\site-packages\pandas\core\indexes\base.py", line 3812, in get_loc
    raise KeyError(key) from err
KeyError: 'volatility'
2025-12-20 19:28:57,455 - Main - ERROR - Unexpected Error: 'volatility'
Traceback (most recent call last):
  File "C:\Users\vasan\AppData\Local\Programs\Python\Python39\lib\site-packages\pandas\core\indexes\base.py", line 3805, in get_loc
    return self._engine.get_loc(casted_key)
  File "index.pyx", line 167, in pandas._libs.index.IndexEngine.get_loc
  File "index.pyx", line 196, in pandas._libs.index.IndexEngine.get_loc
  File "pandas\\_libs\\hashtable_class_helper.pxi", line 7081, in pandas._libs.hashtable.PyObjectHashTable.get_item
  File "pandas\\_libs\\hashtable_class_helper.pxi", line 7089, in pandas._libs.hashtable.PyObjectHashTable.get_item
KeyError: 'volatility'

The above exception was the direct cause of the following exception:

Traceback (most recent call last):
  File "V:\PlayGround\mt5_trading_bot\main.py", line 72, in main
    df = strategy.calculate_indicators(df)
  File "V:\PlayGround\mt5_trading_bot\services\trade_manager.py", line 20, in manage_positions
    current_vol = last_candle['volatility'] # Rolling val
  File "C:\Users\vasan\AppData\Local\Programs\Python\Python39\lib\site-packages\pandas\core\series.py", line 1121, in __getitem__
    return self._get_value(key)
  File "C:\Users\vasan\AppData\Local\Programs\Python\Python39\lib\site-packages\pandas\core\series.py", line 1237, in _get_value
    loc = self.index.get_loc(label)
  File "C:\Users\vasan\AppData\Local\Programs\Python\Python39\lib\site-packages\pandas\core\indexes\base.py", line 3812, in get_loc
    raise KeyError(key) from err
KeyError: 'volatility'
2025-12-20 19:29:02,463 - Main - ERROR - Unexpected Error: 'volatility'
Traceback (most recent call last):
  File "C:\Users\vasan\AppData\Local\Programs\Python\Python39\lib\site-packages\pandas\core\indexes\base.py", line 3805, in get_loc
    return self._engine.get_loc(casted_key)
  File "index.pyx", line 167, in pandas._libs.index.IndexEngine.get_loc
  File "index.pyx", line 196, in pandas._libs.index.IndexEngine.get_loc
  File "pandas\\_libs\\hashtable_class_helper.pxi", line 7081, in pandas._libs.hashtable.PyObjectHashTable.get_item
  File "pandas\\_libs\\hashtable_class_helper.pxi", line 7089, in pandas._libs.hashtable.PyObjectHashTable.get_item
KeyError: 'volatility'

The above exception was the direct cause of the following exception:

Traceback (most recent call last):
  File "V:\PlayGround\mt5_trading_bot\main.py", line 72, in main
    df = strategy.calculate_indicators(df)
  File "V:\PlayGround\mt5_trading_bot\services\trade_manager.py", line 20, in manage_positions
    current_vol = last_candle['volatility'] # Rolling val
  File "C:\Users\vasan\AppData\Local\Programs\Python\Python39\lib\site-packages\pandas\core\series.py", line 1121, in __getitem__
    return self._get_value(key)
  File "C:\Users\vasan\AppData\Local\Programs\Python\Python39\lib\site-packages\pandas\core\series.py", line 1237, in _get_value
    loc = self.index.get_loc(label)
  File "C:\Users\vasan\AppData\Local\Programs\Python\Python39\lib\site-packages\pandas\core\indexes\base.py", line 3812, in get_loc
    raise KeyError(key) from err
KeyError: 'volatility'
2025-12-20 19:29:07,486 - Main - ERROR - Unexpected Error: 'volatility'
Traceback (most recent call last):
  File "C:\Users\vasan\AppData\Local\Programs\Python\Python39\lib\site-packages\pandas\core\indexes\base.py", line 3805, in get_loc
    return self._engine.get_loc(casted_key)
  File "index.pyx", line 167, in pandas._libs.index.IndexEngine.get_loc
  File "index.pyx", line 196, in pandas._libs.index.IndexEngine.get_loc
  File "pandas\\_libs\\hashtable_class_helper.pxi", line 7081, in pandas._libs.hashtable.PyObjectHashTable.get_item
  File "pandas\\_libs\\hashtable_class_helper.pxi", line 7089, in pandas._libs.hashtable.PyObjectHashTable.get_item
KeyError: 'volatility'

The above exception was the direct cause of the following exception:

Traceback (most recent call last):
  File "V:\PlayGround\mt5_trading_bot\main.py", line 72, in main
    df = strategy.calculate_indicators(df)
  File "V:\PlayGround\mt5_trading_bot\services\trade_manager.py", line 20, in manage_positions
    current_vol = last_candle['volatility'] # Rolling val
  File "C:\Users\vasan\AppData\Local\Programs\Python\Python39\lib\site-packages\pandas\core\series.py", line 1121, in __getitem__
    return self._get_value(key)
  File "C:\Users\vasan\AppData\Local\Programs\Python\Python39\lib\site-packages\pandas\core\series.py", line 1237, in _get_value
    loc = self.index.get_loc(label)
  File "C:\Users\vasan\AppData\Local\Programs\Python\Python39\lib\site-packages\pandas\core\indexes\base.py", line 3812, in get_loc
    raise KeyError(key) from err
KeyError: 'volatility'
2025-12-20 19:29:12,503 - Main - ERROR - Unexpected Error: 'volatility'
Traceback (most recent call last):
  File "C:\Users\vasan\AppData\Local\Programs\Python\Python39\lib\site-packages\pandas\core\indexes\base.py", line 3805, in get_loc
    return self._engine.get_loc(casted_key)
  File "index.pyx", line 167, in pandas._libs.index.IndexEngine.get_loc
  File "index.pyx", line 196, in pandas._libs.index.IndexEngine.get_loc
  File "pandas\\_libs\\hashtable_class_helper.pxi", line 7081, in pandas._libs.hashtable.PyObjectHashTable.get_item
  File "pandas\\_libs\\hashtable_class_helper.pxi", line 7089, in pandas._libs.hashtable.PyObjectHashTable.get_item
KeyError: 'volatility'

The above exception was the direct cause of the following exception:

Traceback (most recent call last):
  File "V:\PlayGround\mt5_trading_bot\main.py", line 72, in main
    df = strategy.calculate_indicators(df)
  File "V:\PlayGround\mt5_trading_bot\services\trade_manager.py", line 20, in manage_positions
    current_vol = last_candle['volatility'] # Rolling val
  File "C:\Users\vasan\AppData\Local\Programs\Python\Python39\lib\site-packages\pandas\core\series.py", line 1121, in __getitem__
    return self._get_value(key)
  File "C:\Users\vasan\AppData\Local\Programs\Python\Python39\lib\site-packages\pandas\core\series.py", line 1237, in _get_value
    loc = self.index.get_loc(label)
  File "C:\Users\vasan\AppData\Local\Programs\Python\Python39\lib\site-packages\pandas\core\indexes\base.py", line 3812, in get_loc
    raise KeyError(key) from err
KeyError: 'volatility'
2025-12-20 19:29:17,519 - Main - ERROR - Unexpected Error: 'volatility'
Traceback (most recent call last):
  File "C:\Users\vasan\AppData\Local\Programs\Python\Python39\lib\site-packages\pandas\core\indexes\base.py", line 3805, in get_loc
    return self._engine.get_loc(casted_key)
  File "index.pyx", line 167, in pandas._libs.index.IndexEngine.get_loc
  File "index.pyx", line 196, in pandas._libs.index.IndexEngine.get_loc
  File "pandas\\_libs\\hashtable_class_helper.pxi", line 7081, in pandas._libs.hashtable.PyObjectHashTable.get_item
  File "pandas\\_libs\\hashtable_class_helper.pxi", line 7089, in pandas._libs.hashtable.PyObjectHashTable.get_item
KeyError: 'volatility'

The above exception was the direct cause of the following exception:

Traceback (most recent call last):
  File "V:\PlayGround\mt5_trading_bot\main.py", line 72, in main
    df = strategy.calculate_indicators(df)
  File "V:\PlayGround\mt5_trading_bot\services\trade_manager.py", line 20, in manage_positions
    current_vol = last_candle['volatility'] # Rolling val
  File "C:\Users\vasan\AppData\Local\Programs\Python\Python39\lib\site-packages\pandas\core\series.py", line 1121, in __getitem__
    return self._get_value(key)
  File "C:\Users\vasan\AppData\Local\Programs\Python\Python39\lib\site-packages\pandas\core\series.py", line 1237, in _get_value
    loc = self.index.get_loc(label)
  File "C:\Users\vasan\AppData\Local\Programs\Python\Python39\lib\site-packages\pandas\core\indexes\base.py", line 3812, in get_loc
    raise KeyError(key) from err
KeyError: 'volatility'
2025-12-20 19:29:22,531 - Main - ERROR - Unexpected Error: 'volatility'
Traceback (most recent call last):
  File "C:\Users\vasan\AppData\Local\Programs\Python\Python39\lib\site-packages\pandas\core\indexes\base.py", line 3805, in get_loc
    return self._engine.get_loc(casted_key)
  File "index.pyx", line 167, in pandas._libs.index.IndexEngine.get_loc
  File "index.pyx", line 196, in pandas._libs.index.IndexEngine.get_loc
  File "pandas\\_libs\\hashtable_class_helper.pxi", line 7081, in pandas._libs.hashtable.PyObjectHashTable.get_item
  File "pandas\\_libs\\hashtable_class_helper.pxi", line 7089, in pandas._libs.hashtable.PyObjectHashTable.get_item
KeyError: 'volatility'

The above exception was the direct cause of the following exception:

Traceback (most recent call last):
  File "V:\PlayGround\mt5_trading_bot\main.py", line 72, in main
    df = strategy.calculate_indicators(df)
  File "V:\PlayGround\mt5_trading_bot\services\trade_manager.py", line 20, in manage_positions
    current_vol = last_candle['volatility'] # Rolling val
  File "C:\Users\vasan\AppData\Local\Programs\Python\Python39\lib\site-packages\pandas\core\series.py", line 1121, in __getitem__
    return self._get_value(key)
  File "C:\Users\vasan\AppData\Local\Programs\Python\Python39\lib\site-packages\pandas\core\series.py", line 1237, in _get_value
    loc = self.index.get_loc(label)
  File "C:\Users\vasan\AppData\Local\Programs\Python\Python39\lib\site-packages\pandas\core\indexes\base.py", line 3812, in get_loc
    raise KeyError(key) from err
KeyError: 'volatility'
2025-12-20 19:29:27,537 - Main - ERROR - Unexpected Error: 'volatility'
Traceback (most recent call last):
  File "C:\Users\vasan\AppData\Local\Programs\Python\Python39\lib\site-packages\pandas\core\indexes\base.py", line 3805, in get_loc
    return self._engine.get_loc(casted_key)
  File "index.pyx", line 167, in pandas._libs.index.IndexEngine.get_loc
  File "index.pyx", line 196, in pandas._libs.index.IndexEngine.get_loc
  File "pandas\\_libs\\hashtable_class_helper.pxi", line 7081, in pandas._libs.hashtable.PyObjectHashTable.get_item
  File "pandas\\_libs\\hashtable_class_helper.pxi", line 7089, in pandas._libs.hashtable.PyObjectHashTable.get_item
KeyError: 'volatility'

The above exception was the direct cause of the following exception:

Traceback (most recent call last):
  File "V:\PlayGround\mt5_trading_bot\main.py", line 72, in main
    df = strategy.calculate_indicators(df)
  File "V:\PlayGround\mt5_trading_bot\services\trade_manager.py", line 20, in manage_positions
    current_vol = last_candle['volatility'] # Rolling val
  File "C:\Users\vasan\AppData\Local\Programs\Python\Python39\lib\site-packages\pandas\core\series.py", line 1121, in __getitem__
    return self._get_value(key)
  File "C:\Users\vasan\AppData\Local\Programs\Python\Python39\lib\site-packages\pandas\core\series.py", line 1237, in _get_value
    loc = self.index.get_loc(label)
  File "C:\Users\vasan\AppData\Local\Programs\Python\Python39\lib\site-packages\pandas\core\indexes\base.py", line 3812, in get_loc
    raise KeyError(key) from err
KeyError: 'volatility'
2025-12-20 19:29:32,547 - Main - ERROR - Unexpected Error: 'volatility'
Traceback (most recent call last):
  File "C:\Users\vasan\AppData\Local\Programs\Python\Python39\lib\site-packages\pandas\core\indexes\base.py", line 3805, in get_loc
    return self._engine.get_loc(casted_key)
  File "index.pyx", line 167, in pandas._libs.index.IndexEngine.get_loc
  File "index.pyx", line 196, in pandas._libs.index.IndexEngine.get_loc
  File "pandas\\_libs\\hashtable_class_helper.pxi", line 7081, in pandas._libs.hashtable.PyObjectHashTable.get_item
  File "pandas\\_libs\\hashtable_class_helper.pxi", line 7089, in pandas._libs.hashtable.PyObjectHashTable.get_item
KeyError: 'volatility'

The above exception was the direct cause of the following exception:

Traceback (most recent call last):
  File "V:\PlayGround\mt5_trading_bot\main.py", line 72, in main
    df = strategy.calculate_indicators(df)
  File "V:\PlayGround\mt5_trading_bot\services\trade_manager.py", line 20, in manage_positions
    current_vol = last_candle['volatility'] # Rolling val
  File "C:\Users\vasan\AppData\Local\Programs\Python\Python39\lib\site-packages\pandas\core\series.py", line 1121, in __getitem__
    return self._get_value(key)
  File "C:\Users\vasan\AppData\Local\Programs\Python\Python39\lib\site-packages\pandas\core\series.py", line 1237, in _get_value
    loc = self.index.get_loc(label)
  File "C:\Users\vasan\AppData\Local\Programs\Python\Python39\lib\site-packages\pandas\core\indexes\base.py", line 3812, in get_loc
    raise KeyError(key) from err
KeyError: 'volatility'
2025-12-20 19:29:37,555 - Main - ERROR - Unexpected Error: 'volatility'
Traceback (most recent call last):
  File "C:\Users\vasan\AppData\Local\Programs\Python\Python39\lib\site-packages\pandas\core\indexes\base.py", line 3805, in get_loc
    return self._engine.get_loc(casted_key)
  File "index.pyx", line 167, in pandas._libs.index.IndexEngine.get_loc
  File "index.pyx", line 196, in pandas._libs.index.IndexEngine.get_loc
  File "pandas\\_libs\\hashtable_class_helper.pxi", line 7081, in pandas._libs.hashtable.PyObjectHashTable.get_item
  File "pandas\\_libs\\hashtable_class_helper.pxi", line 7089, in pandas._libs.hashtable.PyObjectHashTable.get_item
KeyError: 'volatility'

The above exception was the direct cause of the following exception:

Traceback (most recent call last):
  File "V:\PlayGround\mt5_trading_bot\main.py", line 72, in main
    df = strategy.calculate_indicators(df)
  File "V:\PlayGround\mt5_trading_bot\services\trade_manager.py", line 20, in manage_positions
    current_vol = last_candle['volatility'] # Rolling val
  File "C:\Users\vasan\AppData\Local\Programs\Python\Python39\lib\site-packages\pandas\core\series.py", line 1121, in __getitem__
    return self._get_value(key)
  File "C:\Users\vasan\AppData\Local\Programs\Python\Python39\lib\site-packages\pandas\core\series.py", line 1237, in _get_value
    loc = self.index.get_loc(label)
  File "C:\Users\vasan\AppData\Local\Programs\Python\Python39\lib\site-packages\pandas\core\indexes\base.py", line 3812, in get_loc
    raise KeyError(key) from err
KeyError: 'volatility'
2025-12-20 19:29:42,568 - Main - ERROR - Unexpected Error: 'volatility'
Traceback (most recent call last):
  File "C:\Users\vasan\AppData\Local\Programs\Python\Python39\lib\site-packages\pandas\core\indexes\base.py", line 3805, in get_loc
    return self._engine.get_loc(casted_key)
  File "index.pyx", line 167, in pandas._libs.index.IndexEngine.get_loc
  File "index.pyx", line 196, in pandas._libs.index.IndexEngine.get_loc
  File "pandas\\_libs\\hashtable_class_helper.pxi", line 7081, in pandas._libs.hashtable.PyObjectHashTable.get_item
  File "pandas\\_libs\\hashtable_class_helper.pxi", line 7089, in pandas._libs.hashtable.PyObjectHashTable.get_item
KeyError: 'volatility'

The above exception was the direct cause of the following exception:

Traceback (most recent call last):
  File "V:\PlayGround\mt5_trading_bot\main.py", line 72, in main
    df = strategy.calculate_indicators(df)
  File "V:\PlayGround\mt5_trading_bot\services\trade_manager.py", line 20, in manage_positions
    current_vol = last_candle['volatility'] # Rolling val
  File "C:\Users\vasan\AppData\Local\Programs\Python\Python39\lib\site-packages\pandas\core\series.py", line 1121, in __getitem__
    return self._get_value(key)
  File "C:\Users\vasan\AppData\Local\Programs\Python\Python39\lib\site-packages\pandas\core\series.py", line 1237, in _get_value
    loc = self.index.get_loc(label)
  File "C:\Users\vasan\AppData\Local\Programs\Python\Python39\lib\site-packages\pandas\core\indexes\base.py", line 3812, in get_loc
    raise KeyError(key) from err
KeyError: 'volatility'
2025-12-20 19:29:47,580 - Main - ERROR - Unexpected Error: 'volatility'
Traceback (most recent call last):
  File "C:\Users\vasan\AppData\Local\Programs\Python\Python39\lib\site-packages\pandas\core\indexes\base.py", line 3805, in get_loc
    return self._engine.get_loc(casted_key)
  File "index.pyx", line 167, in pandas._libs.index.IndexEngine.get_loc
  File "index.pyx", line 196, in pandas._libs.index.IndexEngine.get_loc
  File "pandas\\_libs\\hashtable_class_helper.pxi", line 7081, in pandas._libs.hashtable.PyObjectHashTable.get_item
  File "pandas\\_libs\\hashtable_class_helper.pxi", line 7089, in pandas._libs.hashtable.PyObjectHashTable.get_item
KeyError: 'volatility'

The above exception was the direct cause of the following exception:

Traceback (most recent call last):
  File "V:\PlayGround\mt5_trading_bot\main.py", line 72, in main
    df = strategy.calculate_indicators(df)
  File "V:\PlayGround\mt5_trading_bot\services\trade_manager.py", line 20, in manage_positions
    current_vol = last_candle['volatility'] # Rolling val
  File "C:\Users\vasan\AppData\Local\Programs\Python\Python39\lib\site-packages\pandas\core\series.py", line 1121, in __getitem__
    return self._get_value(key)
  File "C:\Users\vasan\AppData\Local\Programs\Python\Python39\lib\site-packages\pandas\core\series.py", line 1237, in _get_value
    loc = self.index.get_loc(label)
  File "C:\Users\vasan\AppData\Local\Programs\Python\Python39\lib\site-packages\pandas\core\indexes\base.py", line 3812, in get_loc
    raise KeyError(key) from err
KeyError: 'volatility'
2025-12-20 19:29:52,596 - Main - ERROR - Unexpected Error: 'volatility'
Traceback (most recent call last):
  File "C:\Users\vasan\AppData\Local\Programs\Python\Python39\lib\site-packages\pandas\core\indexes\base.py", line 3805, in get_loc
    return self._engine.get_loc(casted_key)
  File "index.pyx", line 167, in pandas._libs.index.IndexEngine.get_loc
  File "index.pyx", line 196, in pandas._libs.index.IndexEngine.get_loc
  File "pandas\\_libs\\hashtable_class_helper.pxi", line 7081, in pandas._libs.hashtable.PyObjectHashTable.get_item
  File "pandas\\_libs\\hashtable_class_helper.pxi", line 7089, in pandas._libs.hashtable.PyObjectHashTable.get_item
KeyError: 'volatility'

The above exception was the direct cause of the following exception:

Traceback (most recent call last):
  File "V:\PlayGround\mt5_trading_bot\main.py", line 72, in main
    df = strategy.calculate_indicators(df)
  File "V:\PlayGround\mt5_trading_bot\services\trade_manager.py", line 20, in manage_positions
    current_vol = last_candle['volatility'] # Rolling val
  File "C:\Users\vasan\AppData\Local\Programs\Python\Python39\lib\site-packages\pandas\core\series.py", line 1121, in __getitem__
    return self._get_value(key)
  File "C:\Users\vasan\AppData\Local\Programs\Python\Python39\lib\site-packages\pandas\core\series.py", line 1237, in _get_value
    loc = self.index.get_loc(label)
  File "C:\Users\vasan\AppData\Local\Programs\Python\Python39\lib\site-packages\pandas\core\indexes\base.py", line 3812, in get_loc
    raise KeyError(key) from err
KeyError: 'volatility'
2025-12-20 19:29:57,610 - Main - ERROR - Unexpected Error: 'volatility'
Traceback (most recent call last):
  File "C:\Users\vasan\AppData\Local\Programs\Python\Python39\lib\site-packages\pandas\core\indexes\base.py", line 3805, in get_loc
    return self._engine.get_loc(casted_key)
  File "index.pyx", line 167, in pandas._libs.index.IndexEngine.get_loc
  File "index.pyx", line 196, in pandas._libs.index.IndexEngine.get_loc
  File "pandas\\_libs\\hashtable_class_helper.pxi", line 7081, in pandas._libs.hashtable.PyObjectHashTable.get_item
  File "pandas\\_libs\\hashtable_class_helper.pxi", line 7089, in pandas._libs.hashtable.PyObjectHashTable.get_item
KeyError: 'volatility'

The above exception was the direct cause of the following exception:

Traceback (most recent call last):
  File "V:\PlayGround\mt5_trading_bot\main.py", line 72, in main
    df = strategy.calculate_indicators(df)
  File "V:\PlayGround\mt5_trading_bot\services\trade_manager.py", line 20, in manage_positions
    current_vol = last_candle['volatility'] # Rolling val
  File "C:\Users\vasan\AppData\Local\Programs\Python\Python39\lib\site-packages\pandas\core\series.py", line 1121, in __getitem__
    return self._get_value(key)
  File "C:\Users\vasan\AppData\Local\Programs\Python\Python39\lib\site-packages\pandas\core\series.py", line 1237, in _get_value
    loc = self.index.get_loc(label)
  File "C:\Users\vasan\AppData\Local\Programs\Python\Python39\lib\site-packages\pandas\core\indexes\base.py", line 3812, in get_loc
    raise KeyError(key) from err
KeyError: 'volatility'
2025-12-20 19:30:02,621 - Main - ERROR - Unexpected Error: 'volatility'
Traceback (most recent call last):
  File "C:\Users\vasan\AppData\Local\Programs\Python\Python39\lib\site-packages\pandas\core\indexes\base.py", line 3805, in get_loc
    return self._engine.get_loc(casted_key)
  File "index.pyx", line 167, in pandas._libs.index.IndexEngine.get_loc
  File "index.pyx", line 196, in pandas._libs.index.IndexEngine.get_loc
  File "pandas\\_libs\\hashtable_class_helper.pxi", line 7081, in pandas._libs.hashtable.PyObjectHashTable.get_item
  File "pandas\\_libs\\hashtable_class_helper.pxi", line 7089, in pandas._libs.hashtable.PyObjectHashTable.get_item
KeyError: 'volatility'

The above exception was the direct cause of the following exception:

Traceback (most recent call last):
  File "V:\PlayGround\mt5_trading_bot\main.py", line 72, in main
    df = strategy.calculate_indicators(df)
  File "V:\PlayGround\mt5_trading_bot\services\trade_manager.py", line 20, in manage_positions
    current_vol = last_candle['volatility'] # Rolling val
  File "C:\Users\vasan\AppData\Local\Programs\Python\Python39\lib\site-packages\pandas\core\series.py", line 1121, in __getitem__
    return self._get_value(key)
  File "C:\Users\vasan\AppData\Local\Programs\Python\Python39\lib\site-packages\pandas\core\series.py", line 1237, in _get_value
    loc = self.index.get_loc(label)
  File "C:\Users\vasan\AppData\Local\Programs\Python\Python39\lib\site-packages\pandas\core\indexes\base.py", line 3812, in get_loc
    raise KeyError(key) from err
KeyError: 'volatility'
2025-12-20 19:30:07,638 - Main - ERROR - Unexpected Error: 'volatility'
Traceback (most recent call last):
  File "C:\Users\vasan\AppData\Local\Programs\Python\Python39\lib\site-packages\pandas\core\indexes\base.py", line 3805, in get_loc
    return self._engine.get_loc(casted_key)
  File "index.pyx", line 167, in pandas._libs.index.IndexEngine.get_loc
  File "index.pyx", line 196, in pandas._libs.index.IndexEngine.get_loc
  File "pandas\\_libs\\hashtable_class_helper.pxi", line 7081, in pandas._libs.hashtable.PyObjectHashTable.get_item
  File "pandas\\_libs\\hashtable_class_helper.pxi", line 7089, in pandas._libs.hashtable.PyObjectHashTable.get_item
KeyError: 'volatility'

The above exception was the direct cause of the following exception:

Traceback (most recent call last):
  File "V:\PlayGround\mt5_trading_bot\main.py", line 72, in main
    df = strategy.calculate_indicators(df)
  File "V:\PlayGround\mt5_trading_bot\services\trade_manager.py", line 20, in manage_positions
    current_vol = last_candle['volatility'] # Rolling val
  File "C:\Users\vasan\AppData\Local\Programs\Python\Python39\lib\site-packages\pandas\core\series.py", line 1121, in __getitem__
    return self._get_value(key)
  File "C:\Users\vasan\AppData\Local\Programs\Python\Python39\lib\site-packages\pandas\core\series.py", line 1237, in _get_value
    loc = self.index.get_loc(label)
  File "C:\Users\vasan\AppData\Local\Programs\Python\Python39\lib\site-packages\pandas\core\indexes\base.py", line 3812, in get_loc
    raise KeyError(key) from err
KeyError: 'volatility'
2025-12-20 19:30:12,655 - Main - ERROR - Unexpected Error: 'volatility'
Traceback (most recent call last):
  File "C:\Users\vasan\AppData\Local\Programs\Python\Python39\lib\site-packages\pandas\core\indexes\base.py", line 3805, in get_loc
    return self._engine.get_loc(casted_key)
  File "index.pyx", line 167, in pandas._libs.index.IndexEngine.get_loc
  File "index.pyx", line 196, in pandas._libs.index.IndexEngine.get_loc
  File "pandas\\_libs\\hashtable_class_helper.pxi", line 7081, in pandas._libs.hashtable.PyObjectHashTable.get_item
  File "pandas\\_libs\\hashtable_class_helper.pxi", line 7089, in pandas._libs.hashtable.PyObjectHashTable.get_item
KeyError: 'volatility'

The above exception was the direct cause of the following exception:

Traceback (most recent call last):
  File "V:\PlayGround\mt5_trading_bot\main.py", line 72, in main
    df = strategy.calculate_indicators(df)
  File "V:\PlayGround\mt5_trading_bot\services\trade_manager.py", line 20, in manage_positions
    current_vol = last_candle['volatility'] # Rolling val
  File "C:\Users\vasan\AppData\Local\Programs\Python\Python39\lib\site-packages\pandas\core\series.py", line 1121, in __getitem__
    return self._get_value(key)
  File "C:\Users\vasan\AppData\Local\Programs\Python\Python39\lib\site-packages\pandas\core\series.py", line 1237, in _get_value
    loc = self.index.get_loc(label)
  File "C:\Users\vasan\AppData\Local\Programs\Python\Python39\lib\site-packages\pandas\core\indexes\base.py", line 3812, in get_loc
    raise KeyError(key) from err
KeyError: 'volatility'
2025-12-20 19:30:17,667 - Main - ERROR - Unexpected Error: 'volatility'
Traceback (most recent call last):
  File "C:\Users\vasan\AppData\Local\Programs\Python\Python39\lib\site-packages\pandas\core\indexes\base.py", line 3805, in get_loc
    return self._engine.get_loc(casted_key)
  File "index.pyx", line 167, in pandas._libs.index.IndexEngine.get_loc
  File "index.pyx", line 196, in pandas._libs.index.IndexEngine.get_loc
  File "pandas\\_libs\\hashtable_class_helper.pxi", line 7081, in pandas._libs.hashtable.PyObjectHashTable.get_item
  File "pandas\\_libs\\hashtable_class_helper.pxi", line 7089, in pandas._libs.hashtable.PyObjectHashTable.get_item
KeyError: 'volatility'

The above exception was the direct cause of the following exception:

Traceback (most recent call last):
  File "V:\PlayGround\mt5_trading_bot\main.py", line 72, in main
    df = strategy.calculate_indicators(df)
  File "V:\PlayGround\mt5_trading_bot\services\trade_manager.py", line 20, in manage_positions
    current_vol = last_candle['volatility'] # Rolling val
  File "C:\Users\vasan\AppData\Local\Programs\Python\Python39\lib\site-packages\pandas\core\series.py", line 1121, in __getitem__
    return self._get_value(key)
  File "C:\Users\vasan\AppData\Local\Programs\Python\Python39\lib\site-packages\pandas\core\series.py", line 1237, in _get_value
    loc = self.index.get_loc(label)
  File "C:\Users\vasan\AppData\Local\Programs\Python\Python39\lib\site-packages\pandas\core\indexes\base.py", line 3812, in get_loc
    raise KeyError(key) from err
KeyError: 'volatility'
2025-12-20 19:30:22,678 - Main - ERROR - Unexpected Error: 'volatility'
Traceback (most recent call last):
  File "C:\Users\vasan\AppData\Local\Programs\Python\Python39\lib\site-packages\pandas\core\indexes\base.py", line 3805, in get_loc
    return self._engine.get_loc(casted_key)
  File "index.pyx", line 167, in pandas._libs.index.IndexEngine.get_loc
  File "index.pyx", line 196, in pandas._libs.index.IndexEngine.get_loc
  File "pandas\\_libs\\hashtable_class_helper.pxi", line 7081, in pandas._libs.hashtable.PyObjectHashTable.get_item
  File "pandas\\_libs\\hashtable_class_helper.pxi", line 7089, in pandas._libs.hashtable.PyObjectHashTable.get_item
KeyError: 'volatility'

The above exception was the direct cause of the following exception:

Traceback (most recent call last):
  File "V:\PlayGround\mt5_trading_bot\main.py", line 72, in main
    df = strategy.calculate_indicators(df)
  File "V:\PlayGround\mt5_trading_bot\services\trade_manager.py", line 20, in manage_positions
    current_vol = last_candle['volatility'] # Rolling val
  File "C:\Users\vasan\AppData\Local\Programs\Python\Python39\lib\site-packages\pandas\core\series.py", line 1121, in __getitem__
    return self._get_value(key)
  File "C:\Users\vasan\AppData\Local\Programs\Python\Python39\lib\site-packages\pandas\core\series.py", line 1237, in _get_value
    loc = self.index.get_loc(label)
  File "C:\Users\vasan\AppData\Local\Programs\Python\Python39\lib\site-packages\pandas\core\indexes\base.py", line 3812, in get_loc
    raise KeyError(key) from err
KeyError: 'volatility'
2025-12-20 19:30:27,697 - Main - ERROR - Unexpected Error: 'volatility'
Traceback (most recent call last):
  File "C:\Users\vasan\AppData\Local\Programs\Python\Python39\lib\site-packages\pandas\core\indexes\base.py", line 3805, in get_loc
    return self._engine.get_loc(casted_key)
  File "index.pyx", line 167, in pandas._libs.index.IndexEngine.get_loc
  File "index.pyx", line 196, in pandas._libs.index.IndexEngine.get_loc
  File "pandas\\_libs\\hashtable_class_helper.pxi", line 7081, in pandas._libs.hashtable.PyObjectHashTable.get_item
  File "pandas\\_libs\\hashtable_class_helper.pxi", line 7089, in pandas._libs.hashtable.PyObjectHashTable.get_item
KeyError: 'volatility'

The above exception was the direct cause of the following exception:

Traceback (most recent call last):
  File "V:\PlayGround\mt5_trading_bot\main.py", line 72, in main
    df = strategy.calculate_indicators(df)
  File "V:\PlayGround\mt5_trading_bot\services\trade_manager.py", line 20, in manage_positions
    current_vol = last_candle['volatility'] # Rolling val
  File "C:\Users\vasan\AppData\Local\Programs\Python\Python39\lib\site-packages\pandas\core\series.py", line 1121, in __getitem__
    return self._get_value(key)
  File "C:\Users\vasan\AppData\Local\Programs\Python\Python39\lib\site-packages\pandas\core\series.py", line 1237, in _get_value
    loc = self.index.get_loc(label)
  File "C:\Users\vasan\AppData\Local\Programs\Python\Python39\lib\site-packages\pandas\core\indexes\base.py", line 3812, in get_loc
    raise KeyError(key) from err
KeyError: 'volatility'
2025-12-20 19:30:32,712 - Main - ERROR - Unexpected Error: 'volatility'
Traceback (most recent call last):
  File "C:\Users\vasan\AppData\Local\Programs\Python\Python39\lib\site-packages\pandas\core\indexes\base.py", line 3805, in get_loc
    return self._engine.get_loc(casted_key)
  File "index.pyx", line 167, in pandas._libs.index.IndexEngine.get_loc
  File "index.pyx", line 196, in pandas._libs.index.IndexEngine.get_loc
  File "pandas\\_libs\\hashtable_class_helper.pxi", line 7081, in pandas._libs.hashtable.PyObjectHashTable.get_item
  File "pandas\\_libs\\hashtable_class_helper.pxi", line 7089, in pandas._libs.hashtable.PyObjectHashTable.get_item
KeyError: 'volatility'

The above exception was the direct cause of the following exception:

Traceback (most recent call last):
  File "V:\PlayGround\mt5_trading_bot\main.py", line 72, in main
    df = strategy.calculate_indicators(df)
  File "V:\PlayGround\mt5_trading_bot\services\trade_manager.py", line 20, in manage_positions
    current_vol = last_candle['volatility'] # Rolling val
  File "C:\Users\vasan\AppData\Local\Programs\Python\Python39\lib\site-packages\pandas\core\series.py", line 1121, in __getitem__
    return self._get_value(key)
  File "C:\Users\vasan\AppData\Local\Programs\Python\Python39\lib\site-packages\pandas\core\series.py", line 1237, in _get_value
    loc = self.index.get_loc(label)
  File "C:\Users\vasan\AppData\Local\Programs\Python\Python39\lib\site-packages\pandas\core\indexes\base.py", line 3812, in get_loc
    raise KeyError(key) from err
KeyError: 'volatility'
2025-12-20 19:30:37,726 - Main - ERROR - Unexpected Error: 'volatility'
Traceback (most recent call last):
  File "C:\Users\vasan\AppData\Local\Programs\Python\Python39\lib\site-packages\pandas\core\indexes\base.py", line 3805, in get_loc
    return self._engine.get_loc(casted_key)
  File "index.pyx", line 167, in pandas._libs.index.IndexEngine.get_loc
  File "index.pyx", line 196, in pandas._libs.index.IndexEngine.get_loc
  File "pandas\\_libs\\hashtable_class_helper.pxi", line 7081, in pandas._libs.hashtable.PyObjectHashTable.get_item
  File "pandas\\_libs\\hashtable_class_helper.pxi", line 7089, in pandas._libs.hashtable.PyObjectHashTable.get_item
KeyError: 'volatility'

The above exception was the direct cause of the following exception:

Traceback (most recent call last):
  File "V:\PlayGround\mt5_trading_bot\main.py", line 72, in main
    df = strategy.calculate_indicators(df)
  File "V:\PlayGround\mt5_trading_bot\services\trade_manager.py", line 20, in manage_positions
    current_vol = last_candle['volatility'] # Rolling val
  File "C:\Users\vasan\AppData\Local\Programs\Python\Python39\lib\site-packages\pandas\core\series.py", line 1121, in __getitem__
    return self._get_value(key)
  File "C:\Users\vasan\AppData\Local\Programs\Python\Python39\lib\site-packages\pandas\core\series.py", line 1237, in _get_value
    loc = self.index.get_loc(label)
  File "C:\Users\vasan\AppData\Local\Programs\Python\Python39\lib\site-packages\pandas\core\indexes\base.py", line 3812, in get_loc
    raise KeyError(key) from err
KeyError: 'volatility'
2025-12-20 19:30:42,739 - Main - ERROR - Unexpected Error: 'volatility'
Traceback (most recent call last):
  File "C:\Users\vasan\AppData\Local\Programs\Python\Python39\lib\site-packages\pandas\core\indexes\base.py", line 3805, in get_loc
    return self._engine.get_loc(casted_key)
  File "index.pyx", line 167, in pandas._libs.index.IndexEngine.get_loc
  File "index.pyx", line 196, in pandas._libs.index.IndexEngine.get_loc
  File "pandas\\_libs\\hashtable_class_helper.pxi", line 7081, in pandas._libs.hashtable.PyObjectHashTable.get_item
  File "pandas\\_libs\\hashtable_class_helper.pxi", line 7089, in pandas._libs.hashtable.PyObjectHashTable.get_item
KeyError: 'volatility'

The above exception was the direct cause of the following exception:

Traceback (most recent call last):
  File "V:\PlayGround\mt5_trading_bot\main.py", line 72, in main
    df = strategy.calculate_indicators(df)
  File "V:\PlayGround\mt5_trading_bot\services\trade_manager.py", line 20, in manage_positions
    current_vol = last_candle['volatility'] # Rolling val
  File "C:\Users\vasan\AppData\Local\Programs\Python\Python39\lib\site-packages\pandas\core\series.py", line 1121, in __getitem__
    return self._get_value(key)
  File "C:\Users\vasan\AppData\Local\Programs\Python\Python39\lib\site-packages\pandas\core\series.py", line 1237, in _get_value
    loc = self.index.get_loc(label)
  File "C:\Users\vasan\AppData\Local\Programs\Python\Python39\lib\site-packages\pandas\core\indexes\base.py", line 3812, in get_loc
    raise KeyError(key) from err
KeyError: 'volatility'
2025-12-20 19:30:47,759 - Main - ERROR - Unexpected Error: 'volatility'
Traceback (most recent call last):
  File "C:\Users\vasan\AppData\Local\Programs\Python\Python39\lib\site-packages\pandas\core\indexes\base.py", line 3805, in get_loc
    return self._engine.get_loc(casted_key)
  File "index.pyx", line 167, in pandas._libs.index.IndexEngine.get_loc
  File "index.pyx", line 196, in pandas._libs.index.IndexEngine.get_loc
  File "pandas\\_libs\\hashtable_class_helper.pxi", line 7081, in pandas._libs.hashtable.PyObjectHashTable.get_item
  File "pandas\\_libs\\hashtable_class_helper.pxi", line 7089, in pandas._libs.hashtable.PyObjectHashTable.get_item
KeyError: 'volatility'

The above exception was the direct cause of the following exception:

Traceback (most recent call last):
  File "V:\PlayGround\mt5_trading_bot\main.py", line 72, in main
    df = strategy.calculate_indicators(df)
  File "V:\PlayGround\mt5_trading_bot\services\trade_manager.py", line 20, in manage_positions
    current_vol = last_candle['volatility'] # Rolling val
  File "C:\Users\vasan\AppData\Local\Programs\Python\Python39\lib\site-packages\pandas\core\series.py", line 1121, in __getitem__
    return self._get_value(key)
  File "C:\Users\vasan\AppData\Local\Programs\Python\Python39\lib\site-packages\pandas\core\series.py", line 1237, in _get_value
    loc = self.index.get_loc(label)
  File "C:\Users\vasan\AppData\Local\Programs\Python\Python39\lib\site-packages\pandas\core\indexes\base.py", line 3812, in get_loc
    raise KeyError(key) from err
KeyError: 'volatility'
2025-12-20 19:30:52,774 - Main - ERROR - Unexpected Error: 'volatility'
Traceback (most recent call last):
  File "C:\Users\vasan\AppData\Local\Programs\Python\Python39\lib\site-packages\pandas\core\indexes\base.py", line 3805, in get_loc
    return self._engine.get_loc(casted_key)
  File "index.pyx", line 167, in pandas._libs.index.IndexEngine.get_loc
  File "index.pyx", line 196, in pandas._libs.index.IndexEngine.get_loc
  File "pandas\\_libs\\hashtable_class_helper.pxi", line 7081, in pandas._libs.hashtable.PyObjectHashTable.get_item
  File "pandas\\_libs\\hashtable_class_helper.pxi", line 7089, in pandas._libs.hashtable.PyObjectHashTable.get_item
KeyError: 'volatility'

The above exception was the direct cause of the following exception:

Traceback (most recent call last):
  File "V:\PlayGround\mt5_trading_bot\main.py", line 72, in main
    df = strategy.calculate_indicators(df)
  File "V:\PlayGround\mt5_trading_bot\services\trade_manager.py", line 20, in manage_positions
    current_vol = last_candle['volatility'] # Rolling val
  File "C:\Users\vasan\AppData\Local\Programs\Python\Python39\lib\site-packages\pandas\core\series.py", line 1121, in __getitem__
    return self._get_value(key)
  File "C:\Users\vasan\AppData\Local\Programs\Python\Python39\lib\site-packages\pandas\core\series.py", line 1237, in _get_value
    loc = self.index.get_loc(label)
  File "C:\Users\vasan\AppData\Local\Programs\Python\Python39\lib\site-packages\pandas\core\indexes\base.py", line 3812, in get_loc
    raise KeyError(key) from err
KeyError: 'volatility'
2025-12-20 19:30:57,781 - Main - ERROR - Unexpected Error: 'volatility'
Traceback (most recent call last):
  File "C:\Users\vasan\AppData\Local\Programs\Python\Python39\lib\site-packages\pandas\core\indexes\base.py", line 3805, in get_loc
    return self._engine.get_loc(casted_key)
  File "index.pyx", line 167, in pandas._libs.index.IndexEngine.get_loc
  File "index.pyx", line 196, in pandas._libs.index.IndexEngine.get_loc
  File "pandas\\_libs\\hashtable_class_helper.pxi", line 7081, in pandas._libs.hashtable.PyObjectHashTable.get_item
  File "pandas\\_libs\\hashtable_class_helper.pxi", line 7089, in pandas._libs.hashtable.PyObjectHashTable.get_item
KeyError: 'volatility'

The above exception was the direct cause of the following exception:

Traceback (most recent call last):
  File "V:\PlayGround\mt5_trading_bot\main.py", line 72, in main
    df = strategy.calculate_indicators(df)
  File "V:\PlayGround\mt5_trading_bot\services\trade_manager.py", line 20, in manage_positions
    current_vol = last_candle['volatility'] # Rolling val
  File "C:\Users\vasan\AppData\Local\Programs\Python\Python39\lib\site-packages\pandas\core\series.py", line 1121, in __getitem__
    return self._get_value(key)
  File "C:\Users\vasan\AppData\Local\Programs\Python\Python39\lib\site-packages\pandas\core\series.py", line 1237, in _get_value
    loc = self.index.get_loc(label)
  File "C:\Users\vasan\AppData\Local\Programs\Python\Python39\lib\site-packages\pandas\core\indexes\base.py", line 3812, in get_loc
    raise KeyError(key) from err
KeyError: 'volatility'
2025-12-20 19:31:02,794 - Main - ERROR - Unexpected Error: 'volatility'
Traceback (most recent call last):
  File "C:\Users\vasan\AppData\Local\Programs\Python\Python39\lib\site-packages\pandas\core\indexes\base.py", line 3805, in get_loc
    return self._engine.get_loc(casted_key)
  File "index.pyx", line 167, in pandas._libs.index.IndexEngine.get_loc
  File "index.pyx", line 196, in pandas._libs.index.IndexEngine.get_loc
  File "pandas\\_libs\\hashtable_class_helper.pxi", line 7081, in pandas._libs.hashtable.PyObjectHashTable.get_item
  File "pandas\\_libs\\hashtable_class_helper.pxi", line 7089, in pandas._libs.hashtable.PyObjectHashTable.get_item
KeyError: 'volatility'

The above exception was the direct cause of the following exception:

Traceback (most recent call last):
  File "V:\PlayGround\mt5_trading_bot\main.py", line 72, in main
    df = strategy.calculate_indicators(df)
  File "V:\PlayGround\mt5_trading_bot\services\trade_manager.py", line 20, in manage_positions
    current_vol = last_candle['volatility'] # Rolling val
  File "C:\Users\vasan\AppData\Local\Programs\Python\Python39\lib\site-packages\pandas\core\series.py", line 1121, in __getitem__
    return self._get_value(key)
  File "C:\Users\vasan\AppData\Local\Programs\Python\Python39\lib\site-packages\pandas\core\series.py", line 1237, in _get_value
    loc = self.index.get_loc(label)
  File "C:\Users\vasan\AppData\Local\Programs\Python\Python39\lib\site-packages\pandas\core\indexes\base.py", line 3812, in get_loc
    raise KeyError(key) from err
KeyError: 'volatility'
2025-12-20 19:31:07,814 - Main - ERROR - Unexpected Error: 'volatility'
Traceback (most recent call last):
  File "C:\Users\vasan\AppData\Local\Programs\Python\Python39\lib\site-packages\pandas\core\indexes\base.py", line 3805, in get_loc
    return self._engine.get_loc(casted_key)
  File "index.pyx", line 167, in pandas._libs.index.IndexEngine.get_loc
  File "index.pyx", line 196, in pandas._libs.index.IndexEngine.get_loc
  File "pandas\\_libs\\hashtable_class_helper.pxi", line 7081, in pandas._libs.hashtable.PyObjectHashTable.get_item
  File "pandas\\_libs\\hashtable_class_helper.pxi", line 7089, in pandas._libs.hashtable.PyObjectHashTable.get_item
KeyError: 'volatility'

The above exception was the direct cause of the following exception:

Traceback (most recent call last):
  File "V:\PlayGround\mt5_trading_bot\main.py", line 72, in main
    df = strategy.calculate_indicators(df)
  File "V:\PlayGround\mt5_trading_bot\services\trade_manager.py", line 20, in manage_positions
    current_vol = last_candle['volatility'] # Rolling val
  File "C:\Users\vasan\AppData\Local\Programs\Python\Python39\lib\site-packages\pandas\core\series.py", line 1121, in __getitem__
    return self._get_value(key)
  File "C:\Users\vasan\AppData\Local\Programs\Python\Python39\lib\site-packages\pandas\core\series.py", line 1237, in _get_value
    loc = self.index.get_loc(label)
  File "C:\Users\vasan\AppData\Local\Programs\Python\Python39\lib\site-packages\pandas\core\indexes\base.py", line 3812, in get_loc
    raise KeyError(key) from err
KeyError: 'volatility'
2025-12-20 19:31:12,827 - Main - ERROR - Unexpected Error: 'volatility'
Traceback (most recent call last):
  File "C:\Users\vasan\AppData\Local\Programs\Python\Python39\lib\site-packages\pandas\core\indexes\base.py", line 3805, in get_loc
    return self._engine.get_loc(casted_key)
  File "index.pyx", line 167, in pandas._libs.index.IndexEngine.get_loc
  File "index.pyx", line 196, in pandas._libs.index.IndexEngine.get_loc
  File "pandas\\_libs\\hashtable_class_helper.pxi", line 7081, in pandas._libs.hashtable.PyObjectHashTable.get_item
  File "pandas\\_libs\\hashtable_class_helper.pxi", line 7089, in pandas._libs.hashtable.PyObjectHashTable.get_item
KeyError: 'volatility'

The above exception was the direct cause of the following exception:

Traceback (most recent call last):
  File "V:\PlayGround\mt5_trading_bot\main.py", line 72, in main
    df = strategy.calculate_indicators(df)
  File "V:\PlayGround\mt5_trading_bot\services\trade_manager.py", line 20, in manage_positions
    current_vol = last_candle['volatility'] # Rolling val
  File "C:\Users\vasan\AppData\Local\Programs\Python\Python39\lib\site-packages\pandas\core\series.py", line 1121, in __getitem__
    return self._get_value(key)
  File "C:\Users\vasan\AppData\Local\Programs\Python\Python39\lib\site-packages\pandas\core\series.py", line 1237, in _get_value
    loc = self.index.get_loc(label)
  File "C:\Users\vasan\AppData\Local\Programs\Python\Python39\lib\site-packages\pandas\core\indexes\base.py", line 3812, in get_loc
    raise KeyError(key) from err
KeyError: 'volatility'
2025-12-20 19:31:17,842 - Main - ERROR - Unexpected Error: 'volatility'
Traceback (most recent call last):
  File "C:\Users\vasan\AppData\Local\Programs\Python\Python39\lib\site-packages\pandas\core\indexes\base.py", line 3805, in get_loc
    return self._engine.get_loc(casted_key)
  File "index.pyx", line 167, in pandas._libs.index.IndexEngine.get_loc
  File "index.pyx", line 196, in pandas._libs.index.IndexEngine.get_loc
  File "pandas\\_libs\\hashtable_class_helper.pxi", line 7081, in pandas._libs.hashtable.PyObjectHashTable.get_item
  File "pandas\\_libs\\hashtable_class_helper.pxi", line 7089, in pandas._libs.hashtable.PyObjectHashTable.get_item
KeyError: 'volatility'

The above exception was the direct cause of the following exception:

Traceback (most recent call last):
  File "V:\PlayGround\mt5_trading_bot\main.py", line 72, in main
    df = strategy.calculate_indicators(df)
  File "V:\PlayGround\mt5_trading_bot\services\trade_manager.py", line 20, in manage_positions
    current_vol = last_candle['volatility'] # Rolling val
  File "C:\Users\vasan\AppData\Local\Programs\Python\Python39\lib\site-packages\pandas\core\series.py", line 1121, in __getitem__
    return self._get_value(key)
  File "C:\Users\vasan\AppData\Local\Programs\Python\Python39\lib\site-packages\pandas\core\series.py", line 1237, in _get_value
    loc = self.index.get_loc(label)
  File "C:\Users\vasan\AppData\Local\Programs\Python\Python39\lib\site-packages\pandas\core\indexes\base.py", line 3812, in get_loc
    raise KeyError(key) from err
KeyError: 'volatility'
2025-12-20 19:31:22,863 - Main - ERROR - Unexpected Error: 'volatility'
Traceback (most recent call last):
  File "C:\Users\vasan\AppData\Local\Programs\Python\Python39\lib\site-packages\pandas\core\indexes\base.py", line 3805, in get_loc
    return self._engine.get_loc(casted_key)
  File "index.pyx", line 167, in pandas._libs.index.IndexEngine.get_loc
  File "index.pyx", line 196, in pandas._libs.index.IndexEngine.get_loc
  File "pandas\\_libs\\hashtable_class_helper.pxi", line 7081, in pandas._libs.hashtable.PyObjectHashTable.get_item
  File "pandas\\_libs\\hashtable_class_helper.pxi", line 7089, in pandas._libs.hashtable.PyObjectHashTable.get_item
KeyError: 'volatility'

The above exception was the direct cause of the following exception:

Traceback (most recent call last):
  File "V:\PlayGround\mt5_trading_bot\main.py", line 72, in main
    df = strategy.calculate_indicators(df)
  File "V:\PlayGround\mt5_trading_bot\services\trade_manager.py", line 20, in manage_positions
    current_vol = last_candle['volatility'] # Rolling val
  File "C:\Users\vasan\AppData\Local\Programs\Python\Python39\lib\site-packages\pandas\core\series.py", line 1121, in __getitem__
    return self._get_value(key)
  File "C:\Users\vasan\AppData\Local\Programs\Python\Python39\lib\site-packages\pandas\core\series.py", line 1237, in _get_value
    loc = self.index.get_loc(label)
  File "C:\Users\vasan\AppData\Local\Programs\Python\Python39\lib\site-packages\pandas\core\indexes\base.py", line 3812, in get_loc
    raise KeyError(key) from err
KeyError: 'volatility'
2025-12-20 19:31:27,890 - Main - ERROR - Unexpected Error: 'volatility'
Traceback (most recent call last):
  File "C:\Users\vasan\AppData\Local\Programs\Python\Python39\lib\site-packages\pandas\core\indexes\base.py", line 3805, in get_loc
    return self._engine.get_loc(casted_key)
  File "index.pyx", line 167, in pandas._libs.index.IndexEngine.get_loc
  File "index.pyx", line 196, in pandas._libs.index.IndexEngine.get_loc
  File "pandas\\_libs\\hashtable_class_helper.pxi", line 7081, in pandas._libs.hashtable.PyObjectHashTable.get_item
  File "pandas\\_libs\\hashtable_class_helper.pxi", line 7089, in pandas._libs.hashtable.PyObjectHashTable.get_item
KeyError: 'volatility'

The above exception was the direct cause of the following exception:

Traceback (most recent call last):
  File "V:\PlayGround\mt5_trading_bot\main.py", line 72, in main
    df = strategy.calculate_indicators(df)
  File "V:\PlayGround\mt5_trading_bot\services\trade_manager.py", line 20, in manage_positions
    current_vol = last_candle['volatility'] # Rolling val
  File "C:\Users\vasan\AppData\Local\Programs\Python\Python39\lib\site-packages\pandas\core\series.py", line 1121, in __getitem__
    return self._get_value(key)
  File "C:\Users\vasan\AppData\Local\Programs\Python\Python39\lib\site-packages\pandas\core\series.py", line 1237, in _get_value
    loc = self.index.get_loc(label)
  File "C:\Users\vasan\AppData\Local\Programs\Python\Python39\lib\site-packages\pandas\core\indexes\base.py", line 3812, in get_loc
    raise KeyError(key) from err
KeyError: 'volatility'
2025-12-20 19:31:32,901 - Main - ERROR - Unexpected Error: 'volatility'
Traceback (most recent call last):
  File "C:\Users\vasan\AppData\Local\Programs\Python\Python39\lib\site-packages\pandas\core\indexes\base.py", line 3805, in get_loc
    return self._engine.get_loc(casted_key)
  File "index.pyx", line 167, in pandas._libs.index.IndexEngine.get_loc
  File "index.pyx", line 196, in pandas._libs.index.IndexEngine.get_loc
  File "pandas\\_libs\\hashtable_class_helper.pxi", line 7081, in pandas._libs.hashtable.PyObjectHashTable.get_item
  File "pandas\\_libs\\hashtable_class_helper.pxi", line 7089, in pandas._libs.hashtable.PyObjectHashTable.get_item
KeyError: 'volatility'

The above exception was the direct cause of the following exception:

Traceback (most recent call last):
  File "V:\PlayGround\mt5_trading_bot\main.py", line 72, in main
    df = strategy.calculate_indicators(df)
  File "V:\PlayGround\mt5_trading_bot\services\trade_manager.py", line 20, in manage_positions
    current_vol = last_candle['volatility'] # Rolling val
  File "C:\Users\vasan\AppData\Local\Programs\Python\Python39\lib\site-packages\pandas\core\series.py", line 1121, in __getitem__
    return self._get_value(key)
  File "C:\Users\vasan\AppData\Local\Programs\Python\Python39\lib\site-packages\pandas\core\series.py", line 1237, in _get_value
    loc = self.index.get_loc(label)
  File "C:\Users\vasan\AppData\Local\Programs\Python\Python39\lib\site-packages\pandas\core\indexes\base.py", line 3812, in get_loc
    raise KeyError(key) from err
KeyError: 'volatility'
2025-12-20 19:31:37,917 - Main - ERROR - Unexpected Error: 'volatility'
Traceback (most recent call last):
  File "C:\Users\vasan\AppData\Local\Programs\Python\Python39\lib\site-packages\pandas\core\indexes\base.py", line 3805, in get_loc
    return self._engine.get_loc(casted_key)
  File "index.pyx", line 167, in pandas._libs.index.IndexEngine.get_loc
  File "index.pyx", line 196, in pandas._libs.index.IndexEngine.get_loc
  File "pandas\\_libs\\hashtable_class_helper.pxi", line 7081, in pandas._libs.hashtable.PyObjectHashTable.get_item
  File "pandas\\_libs\\hashtable_class_helper.pxi", line 7089, in pandas._libs.hashtable.PyObjectHashTable.get_item
KeyError: 'volatility'

The above exception was the direct cause of the following exception:

Traceback (most recent call last):
  File "V:\PlayGround\mt5_trading_bot\main.py", line 72, in main
    df = strategy.calculate_indicators(df)
  File "V:\PlayGround\mt5_trading_bot\services\trade_manager.py", line 20, in manage_positions
    current_vol = last_candle['volatility'] # Rolling val
  File "C:\Users\vasan\AppData\Local\Programs\Python\Python39\lib\site-packages\pandas\core\series.py", line 1121, in __getitem__
    return self._get_value(key)
  File "C:\Users\vasan\AppData\Local\Programs\Python\Python39\lib\site-packages\pandas\core\series.py", line 1237, in _get_value
    loc = self.index.get_loc(label)
  File "C:\Users\vasan\AppData\Local\Programs\Python\Python39\lib\site-packages\pandas\core\indexes\base.py", line 3812, in get_loc
    raise KeyError(key) from err
KeyError: 'volatility'
2025-12-20 19:31:42,937 - Main - ERROR - Unexpected Error: 'volatility'
Traceback (most recent call last):
  File "C:\Users\vasan\AppData\Local\Programs\Python\Python39\lib\site-packages\pandas\core\indexes\base.py", line 3805, in get_loc
    return self._engine.get_loc(casted_key)
  File "index.pyx", line 167, in pandas._libs.index.IndexEngine.get_loc
  File "index.pyx", line 196, in pandas._libs.index.IndexEngine.get_loc
  File "pandas\\_libs\\hashtable_class_helper.pxi", line 7081, in pandas._libs.hashtable.PyObjectHashTable.get_item
  File "pandas\\_libs\\hashtable_class_helper.pxi", line 7089, in pandas._libs.hashtable.PyObjectHashTable.get_item
KeyError: 'volatility'

The above exception was the direct cause of the following exception:

Traceback (most recent call last):
  File "V:\PlayGround\mt5_trading_bot\main.py", line 72, in main
    df = strategy.calculate_indicators(df)
  File "V:\PlayGround\mt5_trading_bot\services\trade_manager.py", line 20, in manage_positions
    current_vol = last_candle['volatility'] # Rolling val
  File "C:\Users\vasan\AppData\Local\Programs\Python\Python39\lib\site-packages\pandas\core\series.py", line 1121, in __getitem__
    return self._get_value(key)
  File "C:\Users\vasan\AppData\Local\Programs\Python\Python39\lib\site-packages\pandas\core\series.py", line 1237, in _get_value
    loc = self.index.get_loc(label)
  File "C:\Users\vasan\AppData\Local\Programs\Python\Python39\lib\site-packages\pandas\core\indexes\base.py", line 3812, in get_loc
    raise KeyError(key) from err
KeyError: 'volatility'
2025-12-20 19:31:47,957 - Main - ERROR - Unexpected Error: 'volatility'
Traceback (most recent call last):
  File "C:\Users\vasan\AppData\Local\Programs\Python\Python39\lib\site-packages\pandas\core\indexes\base.py", line 3805, in get_loc
    return self._engine.get_loc(casted_key)
  File "index.pyx", line 167, in pandas._libs.index.IndexEngine.get_loc
  File "index.pyx", line 196, in pandas._libs.index.IndexEngine.get_loc
  File "pandas\\_libs\\hashtable_class_helper.pxi", line 7081, in pandas._libs.hashtable.PyObjectHashTable.get_item
  File "pandas\\_libs\\hashtable_class_helper.pxi", line 7089, in pandas._libs.hashtable.PyObjectHashTable.get_item
KeyError: 'volatility'

The above exception was the direct cause of the following exception:

Traceback (most recent call last):
  File "V:\PlayGround\mt5_trading_bot\main.py", line 72, in main
    df = strategy.calculate_indicators(df)
  File "V:\PlayGround\mt5_trading_bot\services\trade_manager.py", line 20, in manage_positions
    current_vol = last_candle['volatility'] # Rolling val
  File "C:\Users\vasan\AppData\Local\Programs\Python\Python39\lib\site-packages\pandas\core\series.py", line 1121, in __getitem__
    return self._get_value(key)
  File "C:\Users\vasan\AppData\Local\Programs\Python\Python39\lib\site-packages\pandas\core\series.py", line 1237, in _get_value
    loc = self.index.get_loc(label)
  File "C:\Users\vasan\AppData\Local\Programs\Python\Python39\lib\site-packages\pandas\core\indexes\base.py", line 3812, in get_loc
    raise KeyError(key) from err
KeyError: 'volatility'
2025-12-20 19:31:52,973 - Main - ERROR - Unexpected Error: 'volatility'
Traceback (most recent call last):
  File "C:\Users\vasan\AppData\Local\Programs\Python\Python39\lib\site-packages\pandas\core\indexes\base.py", line 3805, in get_loc
    return self._engine.get_loc(casted_key)
  File "index.pyx", line 167, in pandas._libs.index.IndexEngine.get_loc
  File "index.pyx", line 196, in pandas._libs.index.IndexEngine.get_loc
  File "pandas\\_libs\\hashtable_class_helper.pxi", line 7081, in pandas._libs.hashtable.PyObjectHashTable.get_item
  File "pandas\\_libs\\hashtable_class_helper.pxi", line 7089, in pandas._libs.hashtable.PyObjectHashTable.get_item
KeyError: 'volatility'

The above exception was the direct cause of the following exception:

Traceback (most recent call last):
  File "V:\PlayGround\mt5_trading_bot\main.py", line 72, in main
    df = strategy.calculate_indicators(df)
  File "V:\PlayGround\mt5_trading_bot\services\trade_manager.py", line 20, in manage_positions
    current_vol = last_candle['volatility'] # Rolling val
  File "C:\Users\vasan\AppData\Local\Programs\Python\Python39\lib\site-packages\pandas\core\series.py", line 1121, in __getitem__
    return self._get_value(key)
  File "C:\Users\vasan\AppData\Local\Programs\Python\Python39\lib\site-packages\pandas\core\series.py", line 1237, in _get_value
    loc = self.index.get_loc(label)
  File "C:\Users\vasan\AppData\Local\Programs\Python\Python39\lib\site-packages\pandas\core\indexes\base.py", line 3812, in get_loc
    raise KeyError(key) from err
KeyError: 'volatility'
2025-12-20 19:31:57,980 - Main - ERROR - Unexpected Error: 'volatility'
Traceback (most recent call last):
  File "C:\Users\vasan\AppData\Local\Programs\Python\Python39\lib\site-packages\pandas\core\indexes\base.py", line 3805, in get_loc
    return self._engine.get_loc(casted_key)
  File "index.pyx", line 167, in pandas._libs.index.IndexEngine.get_loc
  File "index.pyx", line 196, in pandas._libs.index.IndexEngine.get_loc
  File "pandas\\_libs\\hashtable_class_helper.pxi", line 7081, in pandas._libs.hashtable.PyObjectHashTable.get_item
  File "pandas\\_libs\\hashtable_class_helper.pxi", line 7089, in pandas._libs.hashtable.PyObjectHashTable.get_item
KeyError: 'volatility'

The above exception was the direct cause of the following exception:

Traceback (most recent call last):
  File "V:\PlayGround\mt5_trading_bot\main.py", line 72, in main
    df = strategy.calculate_indicators(df)
  File "V:\PlayGround\mt5_trading_bot\services\trade_manager.py", line 20, in manage_positions
    current_vol = last_candle['volatility'] # Rolling val
  File "C:\Users\vasan\AppData\Local\Programs\Python\Python39\lib\site-packages\pandas\core\series.py", line 1121, in __getitem__
    return self._get_value(key)
  File "C:\Users\vasan\AppData\Local\Programs\Python\Python39\lib\site-packages\pandas\core\series.py", line 1237, in _get_value
    loc = self.index.get_loc(label)
  File "C:\Users\vasan\AppData\Local\Programs\Python\Python39\lib\site-packages\pandas\core\indexes\base.py", line 3812, in get_loc
    raise KeyError(key) from err
KeyError: 'volatility'
2025-12-20 19:32:02,999 - Main - ERROR - Unexpected Error: 'volatility'
Traceback (most recent call last):
  File "C:\Users\vasan\AppData\Local\Programs\Python\Python39\lib\site-packages\pandas\core\indexes\base.py", line 3805, in get_loc
    return self._engine.get_loc(casted_key)
  File "index.pyx", line 167, in pandas._libs.index.IndexEngine.get_loc
  File "index.pyx", line 196, in pandas._libs.index.IndexEngine.get_loc
  File "pandas\\_libs\\hashtable_class_helper.pxi", line 7081, in pandas._libs.hashtable.PyObjectHashTable.get_item
  File "pandas\\_libs\\hashtable_class_helper.pxi", line 7089, in pandas._libs.hashtable.PyObjectHashTable.get_item
KeyError: 'volatility'

The above exception was the direct cause of the following exception:

Traceback (most recent call last):
  File "V:\PlayGround\mt5_trading_bot\main.py", line 72, in main
    df = strategy.calculate_indicators(df)
  File "V:\PlayGround\mt5_trading_bot\services\trade_manager.py", line 20, in manage_positions
    current_vol = last_candle['volatility'] # Rolling val
  File "C:\Users\vasan\AppData\Local\Programs\Python\Python39\lib\site-packages\pandas\core\series.py", line 1121, in __getitem__
    return self._get_value(key)
  File "C:\Users\vasan\AppData\Local\Programs\Python\Python39\lib\site-packages\pandas\core\series.py", line 1237, in _get_value
    loc = self.index.get_loc(label)
  File "C:\Users\vasan\AppData\Local\Programs\Python\Python39\lib\site-packages\pandas\core\indexes\base.py", line 3812, in get_loc
    raise KeyError(key) from err
KeyError: 'volatility'
2025-12-20 19:32:08,020 - Main - ERROR - Unexpected Error: 'volatility'
Traceback (most recent call last):
  File "C:\Users\vasan\AppData\Local\Programs\Python\Python39\lib\site-packages\pandas\core\indexes\base.py", line 3805, in get_loc
    return self._engine.get_loc(casted_key)
  File "index.pyx", line 167, in pandas._libs.index.IndexEngine.get_loc
  File "index.pyx", line 196, in pandas._libs.index.IndexEngine.get_loc
  File "pandas\\_libs\\hashtable_class_helper.pxi", line 7081, in pandas._libs.hashtable.PyObjectHashTable.get_item
  File "pandas\\_libs\\hashtable_class_helper.pxi", line 7089, in pandas._libs.hashtable.PyObjectHashTable.get_item
KeyError: 'volatility'

The above exception was the direct cause of the following exception:

Traceback (most recent call last):
  File "V:\PlayGround\mt5_trading_bot\main.py", line 72, in main
    df = strategy.calculate_indicators(df)
  File "V:\PlayGround\mt5_trading_bot\services\trade_manager.py", line 20, in manage_positions
    current_vol = last_candle['volatility'] # Rolling val
  File "C:\Users\vasan\AppData\Local\Programs\Python\Python39\lib\site-packages\pandas\core\series.py", line 1121, in __getitem__
    return self._get_value(key)
  File "C:\Users\vasan\AppData\Local\Programs\Python\Python39\lib\site-packages\pandas\core\series.py", line 1237, in _get_value
    loc = self.index.get_loc(label)
  File "C:\Users\vasan\AppData\Local\Programs\Python\Python39\lib\site-packages\pandas\core\indexes\base.py", line 3812, in get_loc
    raise KeyError(key) from err
KeyError: 'volatility'
2025-12-20 19:32:13,032 - Main - ERROR - Unexpected Error: 'volatility'
Traceback (most recent call last):
  File "C:\Users\vasan\AppData\Local\Programs\Python\Python39\lib\site-packages\pandas\core\indexes\base.py", line 3805, in get_loc
    return self._engine.get_loc(casted_key)
  File "index.pyx", line 167, in pandas._libs.index.IndexEngine.get_loc
  File "index.pyx", line 196, in pandas._libs.index.IndexEngine.get_loc
  File "pandas\\_libs\\hashtable_class_helper.pxi", line 7081, in pandas._libs.hashtable.PyObjectHashTable.get_item
  File "pandas\\_libs\\hashtable_class_helper.pxi", line 7089, in pandas._libs.hashtable.PyObjectHashTable.get_item
KeyError: 'volatility'

The above exception was the direct cause of the following exception:

Traceback (most recent call last):
  File "V:\PlayGround\mt5_trading_bot\main.py", line 72, in main
    df = strategy.calculate_indicators(df)
  File "V:\PlayGround\mt5_trading_bot\services\trade_manager.py", line 20, in manage_positions
    current_vol = last_candle['volatility'] # Rolling val
  File "C:\Users\vasan\AppData\Local\Programs\Python\Python39\lib\site-packages\pandas\core\series.py", line 1121, in __getitem__
    return self._get_value(key)
  File "C:\Users\vasan\AppData\Local\Programs\Python\Python39\lib\site-packages\pandas\core\series.py", line 1237, in _get_value
    loc = self.index.get_loc(label)
  File "C:\Users\vasan\AppData\Local\Programs\Python\Python39\lib\site-packages\pandas\core\indexes\base.py", line 3812, in get_loc
    raise KeyError(key) from err
KeyError: 'volatility'
2025-12-20 19:32:18,046 - Main - ERROR - Unexpected Error: 'volatility'
Traceback (most recent call last):
  File "C:\Users\vasan\AppData\Local\Programs\Python\Python39\lib\site-packages\pandas\core\indexes\base.py", line 3805, in get_loc
    return self._engine.get_loc(casted_key)
  File "index.pyx", line 167, in pandas._libs.index.IndexEngine.get_loc
  File "index.pyx", line 196, in pandas._libs.index.IndexEngine.get_loc
  File "pandas\\_libs\\hashtable_class_helper.pxi", line 7081, in pandas._libs.hashtable.PyObjectHashTable.get_item
  File "pandas\\_libs\\hashtable_class_helper.pxi", line 7089, in pandas._libs.hashtable.PyObjectHashTable.get_item
KeyError: 'volatility'

The above exception was the direct cause of the following exception:

Traceback (most recent call last):
  File "V:\PlayGround\mt5_trading_bot\main.py", line 72, in main
    df = strategy.calculate_indicators(df)
  File "V:\PlayGround\mt5_trading_bot\services\trade_manager.py", line 20, in manage_positions
    current_vol = last_candle['volatility'] # Rolling val
  File "C:\Users\vasan\AppData\Local\Programs\Python\Python39\lib\site-packages\pandas\core\series.py", line 1121, in __getitem__
    return self._get_value(key)
  File "C:\Users\vasan\AppData\Local\Programs\Python\Python39\lib\site-packages\pandas\core\series.py", line 1237, in _get_value
    loc = self.index.get_loc(label)
  File "C:\Users\vasan\AppData\Local\Programs\Python\Python39\lib\site-packages\pandas\core\indexes\base.py", line 3812, in get_loc
    raise KeyError(key) from err
KeyError: 'volatility'
2025-12-20 19:32:23,062 - Main - ERROR - Unexpected Error: 'volatility'
Traceback (most recent call last):
  File "C:\Users\vasan\AppData\Local\Programs\Python\Python39\lib\site-packages\pandas\core\indexes\base.py", line 3805, in get_loc
    return self._engine.get_loc(casted_key)
  File "index.pyx", line 167, in pandas._libs.index.IndexEngine.get_loc
  File "index.pyx", line 196, in pandas._libs.index.IndexEngine.get_loc
  File "pandas\\_libs\\hashtable_class_helper.pxi", line 7081, in pandas._libs.hashtable.PyObjectHashTable.get_item
  File "pandas\\_libs\\hashtable_class_helper.pxi", line 7089, in pandas._libs.hashtable.PyObjectHashTable.get_item
KeyError: 'volatility'

The above exception was the direct cause of the following exception:

Traceback (most recent call last):
  File "V:\PlayGround\mt5_trading_bot\main.py", line 72, in main
    df = strategy.calculate_indicators(df)
  File "V:\PlayGround\mt5_trading_bot\services\trade_manager.py", line 20, in manage_positions
    current_vol = last_candle['volatility'] # Rolling val
  File "C:\Users\vasan\AppData\Local\Programs\Python\Python39\lib\site-packages\pandas\core\series.py", line 1121, in __getitem__
    return self._get_value(key)
  File "C:\Users\vasan\AppData\Local\Programs\Python\Python39\lib\site-packages\pandas\core\series.py", line 1237, in _get_value
    loc = self.index.get_loc(label)
  File "C:\Users\vasan\AppData\Local\Programs\Python\Python39\lib\site-packages\pandas\core\indexes\base.py", line 3812, in get_loc
    raise KeyError(key) from err
KeyError: 'volatility'
2025-12-20 19:32:28,079 - Main - ERROR - Unexpected Error: 'volatility'
Traceback (most recent call last):
  File "C:\Users\vasan\AppData\Local\Programs\Python\Python39\lib\site-packages\pandas\core\indexes\base.py", line 3805, in get_loc
    return self._engine.get_loc(casted_key)
  File "index.pyx", line 167, in pandas._libs.index.IndexEngine.get_loc
  File "index.pyx", line 196, in pandas._libs.index.IndexEngine.get_loc
  File "pandas\\_libs\\hashtable_class_helper.pxi", line 7081, in pandas._libs.hashtable.PyObjectHashTable.get_item
  File "pandas\\_libs\\hashtable_class_helper.pxi", line 7089, in pandas._libs.hashtable.PyObjectHashTable.get_item
KeyError: 'volatility'

The above exception was the direct cause of the following exception:

Traceback (most recent call last):
  File "V:\PlayGround\mt5_trading_bot\main.py", line 72, in main
    df = strategy.calculate_indicators(df)
  File "V:\PlayGround\mt5_trading_bot\services\trade_manager.py", line 20, in manage_positions
    current_vol = last_candle['volatility'] # Rolling val
  File "C:\Users\vasan\AppData\Local\Programs\Python\Python39\lib\site-packages\pandas\core\series.py", line 1121, in __getitem__
    return self._get_value(key)
  File "C:\Users\vasan\AppData\Local\Programs\Python\Python39\lib\site-packages\pandas\core\series.py", line 1237, in _get_value
    loc = self.index.get_loc(label)
  File "C:\Users\vasan\AppData\Local\Programs\Python\Python39\lib\site-packages\pandas\core\indexes\base.py", line 3812, in get_loc
    raise KeyError(key) from err
KeyError: 'volatility'
2025-12-20 19:32:33,095 - Main - ERROR - Unexpected Error: 'volatility'
Traceback (most recent call last):
  File "C:\Users\vasan\AppData\Local\Programs\Python\Python39\lib\site-packages\pandas\core\indexes\base.py", line 3805, in get_loc
    return self._engine.get_loc(casted_key)
  File "index.pyx", line 167, in pandas._libs.index.IndexEngine.get_loc
  File "index.pyx", line 196, in pandas._libs.index.IndexEngine.get_loc
  File "pandas\\_libs\\hashtable_class_helper.pxi", line 7081, in pandas._libs.hashtable.PyObjectHashTable.get_item
  File "pandas\\_libs\\hashtable_class_helper.pxi", line 7089, in pandas._libs.hashtable.PyObjectHashTable.get_item
KeyError: 'volatility'

The above exception was the direct cause of the following exception:

Traceback (most recent call last):
  File "V:\PlayGround\mt5_trading_bot\main.py", line 72, in main
    df = strategy.calculate_indicators(df)
  File "V:\PlayGround\mt5_trading_bot\services\trade_manager.py", line 20, in manage_positions
    current_vol = last_candle['volatility'] # Rolling val
  File "C:\Users\vasan\AppData\Local\Programs\Python\Python39\lib\site-packages\pandas\core\series.py", line 1121, in __getitem__
    return self._get_value(key)
  File "C:\Users\vasan\AppData\Local\Programs\Python\Python39\lib\site-packages\pandas\core\series.py", line 1237, in _get_value
    loc = self.index.get_loc(label)
  File "C:\Users\vasan\AppData\Local\Programs\Python\Python39\lib\site-packages\pandas\core\indexes\base.py", line 3812, in get_loc
    raise KeyError(key) from err
KeyError: 'volatility'
2025-12-20 19:32:38,107 - Main - ERROR - Unexpected Error: 'volatility'
Traceback (most recent call last):
  File "C:\Users\vasan\AppData\Local\Programs\Python\Python39\lib\site-packages\pandas\core\indexes\base.py", line 3805, in get_loc
    return self._engine.get_loc(casted_key)
  File "index.pyx", line 167, in pandas._libs.index.IndexEngine.get_loc
  File "index.pyx", line 196, in pandas._libs.index.IndexEngine.get_loc
  File "pandas\\_libs\\hashtable_class_helper.pxi", line 7081, in pandas._libs.hashtable.PyObjectHashTable.get_item
  File "pandas\\_libs\\hashtable_class_helper.pxi", line 7089, in pandas._libs.hashtable.PyObjectHashTable.get_item
KeyError: 'volatility'

The above exception was the direct cause of the following exception:

Traceback (most recent call last):
  File "V:\PlayGround\mt5_trading_bot\main.py", line 72, in main
    df = strategy.calculate_indicators(df)
  File "V:\PlayGround\mt5_trading_bot\services\trade_manager.py", line 20, in manage_positions
    current_vol = last_candle['volatility'] # Rolling val
  File "C:\Users\vasan\AppData\Local\Programs\Python\Python39\lib\site-packages\pandas\core\series.py", line 1121, in __getitem__
    return self._get_value(key)
  File "C:\Users\vasan\AppData\Local\Programs\Python\Python39\lib\site-packages\pandas\core\series.py", line 1237, in _get_value
    loc = self.index.get_loc(label)
  File "C:\Users\vasan\AppData\Local\Programs\Python\Python39\lib\site-packages\pandas\core\indexes\base.py", line 3812, in get_loc
    raise KeyError(key) from err
KeyError: 'volatility'
2025-12-20 19:32:43,118 - Main - ERROR - Unexpected Error: 'volatility'
Traceback (most recent call last):
  File "C:\Users\vasan\AppData\Local\Programs\Python\Python39\lib\site-packages\pandas\core\indexes\base.py", line 3805, in get_loc
    return self._engine.get_loc(casted_key)
  File "index.pyx", line 167, in pandas._libs.index.IndexEngine.get_loc
  File "index.pyx", line 196, in pandas._libs.index.IndexEngine.get_loc
  File "pandas\\_libs\\hashtable_class_helper.pxi", line 7081, in pandas._libs.hashtable.PyObjectHashTable.get_item
  File "pandas\\_libs\\hashtable_class_helper.pxi", line 7089, in pandas._libs.hashtable.PyObjectHashTable.get_item
KeyError: 'volatility'

The above exception was the direct cause of the following exception:

Traceback (most recent call last):
  File "V:\PlayGround\mt5_trading_bot\main.py", line 72, in main
    df = strategy.calculate_indicators(df)
  File "V:\PlayGround\mt5_trading_bot\services\trade_manager.py", line 20, in manage_positions
    current_vol = last_candle['volatility'] # Rolling val
  File "C:\Users\vasan\AppData\Local\Programs\Python\Python39\lib\site-packages\pandas\core\series.py", line 1121, in __getitem__
    return self._get_value(key)
  File "C:\Users\vasan\AppData\Local\Programs\Python\Python39\lib\site-packages\pandas\core\series.py", line 1237, in _get_value
    loc = self.index.get_loc(label)
  File "C:\Users\vasan\AppData\Local\Programs\Python\Python39\lib\site-packages\pandas\core\indexes\base.py", line 3812, in get_loc
    raise KeyError(key) from err
KeyError: 'volatility'
2025-12-20 19:32:48,128 - Main - ERROR - Unexpected Error: 'volatility'
Traceback (most recent call last):
  File "C:\Users\vasan\AppData\Local\Programs\Python\Python39\lib\site-packages\pandas\core\indexes\base.py", line 3805, in get_loc
    return self._engine.get_loc(casted_key)
  File "index.pyx", line 167, in pandas._libs.index.IndexEngine.get_loc
  File "index.pyx", line 196, in pandas._libs.index.IndexEngine.get_loc
  File "pandas\\_libs\\hashtable_class_helper.pxi", line 7081, in pandas._libs.hashtable.PyObjectHashTable.get_item
  File "pandas\\_libs\\hashtable_class_helper.pxi", line 7089, in pandas._libs.hashtable.PyObjectHashTable.get_item
KeyError: 'volatility'

The above exception was the direct cause of the following exception:

Traceback (most recent call last):
  File "V:\PlayGround\mt5_trading_bot\main.py", line 72, in main
    df = strategy.calculate_indicators(df)
  File "V:\PlayGround\mt5_trading_bot\services\trade_manager.py", line 20, in manage_positions
    current_vol = last_candle['volatility'] # Rolling val
  File "C:\Users\vasan\AppData\Local\Programs\Python\Python39\lib\site-packages\pandas\core\series.py", line 1121, in __getitem__
    return self._get_value(key)
  File "C:\Users\vasan\AppData\Local\Programs\Python\Python39\lib\site-packages\pandas\core\series.py", line 1237, in _get_value
    loc = self.index.get_loc(label)
  File "C:\Users\vasan\AppData\Local\Programs\Python\Python39\lib\site-packages\pandas\core\indexes\base.py", line 3812, in get_loc
    raise KeyError(key) from err
KeyError: 'volatility'
2025-12-20 19:32:53,136 - Main - ERROR - Unexpected Error: 'volatility'
Traceback (most recent call last):
  File "C:\Users\vasan\AppData\Local\Programs\Python\Python39\lib\site-packages\pandas\core\indexes\base.py", line 3805, in get_loc
    return self._engine.get_loc(casted_key)
  File "index.pyx", line 167, in pandas._libs.index.IndexEngine.get_loc
  File "index.pyx", line 196, in pandas._libs.index.IndexEngine.get_loc
  File "pandas\\_libs\\hashtable_class_helper.pxi", line 7081, in pandas._libs.hashtable.PyObjectHashTable.get_item
  File "pandas\\_libs\\hashtable_class_helper.pxi", line 7089, in pandas._libs.hashtable.PyObjectHashTable.get_item
KeyError: 'volatility'

The above exception was the direct cause of the following exception:

Traceback (most recent call last):
  File "V:\PlayGround\mt5_trading_bot\main.py", line 72, in main
    df = strategy.calculate_indicators(df)
  File "V:\PlayGround\mt5_trading_bot\services\trade_manager.py", line 20, in manage_positions
    current_vol = last_candle['volatility'] # Rolling val
  File "C:\Users\vasan\AppData\Local\Programs\Python\Python39\lib\site-packages\pandas\core\series.py", line 1121, in __getitem__
    return self._get_value(key)
  File "C:\Users\vasan\AppData\Local\Programs\Python\Python39\lib\site-packages\pandas\core\series.py", line 1237, in _get_value
    loc = self.index.get_loc(label)
  File "C:\Users\vasan\AppData\Local\Programs\Python\Python39\lib\site-packages\pandas\core\indexes\base.py", line 3812, in get_loc
    raise KeyError(key) from err
KeyError: 'volatility'
2025-12-20 19:32:58,153 - Main - ERROR - Unexpected Error: 'volatility'
Traceback (most recent call last):
  File "C:\Users\vasan\AppData\Local\Programs\Python\Python39\lib\site-packages\pandas\core\indexes\base.py", line 3805, in get_loc
    return self._engine.get_loc(casted_key)
  File "index.pyx", line 167, in pandas._libs.index.IndexEngine.get_loc
  File "index.pyx", line 196, in pandas._libs.index.IndexEngine.get_loc
  File "pandas\\_libs\\hashtable_class_helper.pxi", line 7081, in pandas._libs.hashtable.PyObjectHashTable.get_item
  File "pandas\\_libs\\hashtable_class_helper.pxi", line 7089, in pandas._libs.hashtable.PyObjectHashTable.get_item
KeyError: 'volatility'

The above exception was the direct cause of the following exception:

Traceback (most recent call last):
  File "V:\PlayGround\mt5_trading_bot\main.py", line 72, in main
    df = strategy.calculate_indicators(df)
  File "V:\PlayGround\mt5_trading_bot\services\trade_manager.py", line 20, in manage_positions
    current_vol = last_candle['volatility'] # Rolling val
  File "C:\Users\vasan\AppData\Local\Programs\Python\Python39\lib\site-packages\pandas\core\series.py", line 1121, in __getitem__
    return self._get_value(key)
  File "C:\Users\vasan\AppData\Local\Programs\Python\Python39\lib\site-packages\pandas\core\series.py", line 1237, in _get_value
    loc = self.index.get_loc(label)
  File "C:\Users\vasan\AppData\Local\Programs\Python\Python39\lib\site-packages\pandas\core\indexes\base.py", line 3812, in get_loc
    raise KeyError(key) from err
KeyError: 'volatility'
2025-12-20 19:33:03,168 - Main - ERROR - Unexpected Error: 'volatility'
Traceback (most recent call last):
  File "C:\Users\vasan\AppData\Local\Programs\Python\Python39\lib\site-packages\pandas\core\indexes\base.py", line 3805, in get_loc
    return self._engine.get_loc(casted_key)
  File "index.pyx", line 167, in pandas._libs.index.IndexEngine.get_loc
  File "index.pyx", line 196, in pandas._libs.index.IndexEngine.get_loc
  File "pandas\\_libs\\hashtable_class_helper.pxi", line 7081, in pandas._libs.hashtable.PyObjectHashTable.get_item
  File "pandas\\_libs\\hashtable_class_helper.pxi", line 7089, in pandas._libs.hashtable.PyObjectHashTable.get_item
KeyError: 'volatility'

The above exception was the direct cause of the following exception:

Traceback (most recent call last):
  File "V:\PlayGround\mt5_trading_bot\main.py", line 72, in main
    df = strategy.calculate_indicators(df)
  File "V:\PlayGround\mt5_trading_bot\services\trade_manager.py", line 20, in manage_positions
    current_vol = last_candle['volatility'] # Rolling val
  File "C:\Users\vasan\AppData\Local\Programs\Python\Python39\lib\site-packages\pandas\core\series.py", line 1121, in __getitem__
    return self._get_value(key)
  File "C:\Users\vasan\AppData\Local\Programs\Python\Python39\lib\site-packages\pandas\core\series.py", line 1237, in _get_value
    loc = self.index.get_loc(label)
  File "C:\Users\vasan\AppData\Local\Programs\Python\Python39\lib\site-packages\pandas\core\indexes\base.py", line 3812, in get_loc
    raise KeyError(key) from err
KeyError: 'volatility'
2025-12-20 19:33:08,188 - Main - ERROR - Unexpected Error: 'volatility'
Traceback (most recent call last):
  File "C:\Users\vasan\AppData\Local\Programs\Python\Python39\lib\site-packages\pandas\core\indexes\base.py", line 3805, in get_loc
    return self._engine.get_loc(casted_key)
  File "index.pyx", line 167, in pandas._libs.index.IndexEngine.get_loc
  File "index.pyx", line 196, in pandas._libs.index.IndexEngine.get_loc
  File "pandas\\_libs\\hashtable_class_helper.pxi", line 7081, in pandas._libs.hashtable.PyObjectHashTable.get_item
  File "pandas\\_libs\\hashtable_class_helper.pxi", line 7089, in pandas._libs.hashtable.PyObjectHashTable.get_item
KeyError: 'volatility'

The above exception was the direct cause of the following exception:

Traceback (most recent call last):
  File "V:\PlayGround\mt5_trading_bot\main.py", line 72, in main
    df = strategy.calculate_indicators(df)
  File "V:\PlayGround\mt5_trading_bot\services\trade_manager.py", line 20, in manage_positions
    current_vol = last_candle['volatility'] # Rolling val
  File "C:\Users\vasan\AppData\Local\Programs\Python\Python39\lib\site-packages\pandas\core\series.py", line 1121, in __getitem__
    return self._get_value(key)
  File "C:\Users\vasan\AppData\Local\Programs\Python\Python39\lib\site-packages\pandas\core\series.py", line 1237, in _get_value
    loc = self.index.get_loc(label)
  File "C:\Users\vasan\AppData\Local\Programs\Python\Python39\lib\site-packages\pandas\core\indexes\base.py", line 3812, in get_loc
    raise KeyError(key) from err
KeyError: 'volatility'
2025-12-20 19:33:13,203 - Main - ERROR - Unexpected Error: 'volatility'
Traceback (most recent call last):
  File "C:\Users\vasan\AppData\Local\Programs\Python\Python39\lib\site-packages\pandas\core\indexes\base.py", line 3805, in get_loc
    return self._engine.get_loc(casted_key)
  File "index.pyx", line 167, in pandas._libs.index.IndexEngine.get_loc
  File "index.pyx", line 196, in pandas._libs.index.IndexEngine.get_loc
  File "pandas\\_libs\\hashtable_class_helper.pxi", line 7081, in pandas._libs.hashtable.PyObjectHashTable.get_item
  File "pandas\\_libs\\hashtable_class_helper.pxi", line 7089, in pandas._libs.hashtable.PyObjectHashTable.get_item
KeyError: 'volatility'

The above exception was the direct cause of the following exception:

Traceback (most recent call last):
  File "V:\PlayGround\mt5_trading_bot\main.py", line 72, in main
    df = strategy.calculate_indicators(df)
  File "V:\PlayGround\mt5_trading_bot\services\trade_manager.py", line 20, in manage_positions
    current_vol = last_candle['volatility'] # Rolling val
  File "C:\Users\vasan\AppData\Local\Programs\Python\Python39\lib\site-packages\pandas\core\series.py", line 1121, in __getitem__
    return self._get_value(key)
  File "C:\Users\vasan\AppData\Local\Programs\Python\Python39\lib\site-packages\pandas\core\series.py", line 1237, in _get_value
    loc = self.index.get_loc(label)
  File "C:\Users\vasan\AppData\Local\Programs\Python\Python39\lib\site-packages\pandas\core\indexes\base.py", line 3812, in get_loc
    raise KeyError(key) from err
KeyError: 'volatility'
2025-12-20 19:33:18,215 - Main - ERROR - Unexpected Error: 'volatility'
Traceback (most recent call last):
  File "C:\Users\vasan\AppData\Local\Programs\Python\Python39\lib\site-packages\pandas\core\indexes\base.py", line 3805, in get_loc
    return self._engine.get_loc(casted_key)
  File "index.pyx", line 167, in pandas._libs.index.IndexEngine.get_loc
  File "index.pyx", line 196, in pandas._libs.index.IndexEngine.get_loc
  File "pandas\\_libs\\hashtable_class_helper.pxi", line 7081, in pandas._libs.hashtable.PyObjectHashTable.get_item
  File "pandas\\_libs\\hashtable_class_helper.pxi", line 7089, in pandas._libs.hashtable.PyObjectHashTable.get_item
KeyError: 'volatility'

The above exception was the direct cause of the following exception:

Traceback (most recent call last):
  File "V:\PlayGround\mt5_trading_bot\main.py", line 72, in main
    df = strategy.calculate_indicators(df)
  File "V:\PlayGround\mt5_trading_bot\services\trade_manager.py", line 20, in manage_positions
    current_vol = last_candle['volatility'] # Rolling val
  File "C:\Users\vasan\AppData\Local\Programs\Python\Python39\lib\site-packages\pandas\core\series.py", line 1121, in __getitem__
    return self._get_value(key)
  File "C:\Users\vasan\AppData\Local\Programs\Python\Python39\lib\site-packages\pandas\core\series.py", line 1237, in _get_value
    loc = self.index.get_loc(label)
  File "C:\Users\vasan\AppData\Local\Programs\Python\Python39\lib\site-packages\pandas\core\indexes\base.py", line 3812, in get_loc
    raise KeyError(key) from err
KeyError: 'volatility'
2025-12-20 19:33:23,229 - Main - ERROR - Unexpected Error: 'volatility'
Traceback (most recent call last):
  File "C:\Users\vasan\AppData\Local\Programs\Python\Python39\lib\site-packages\pandas\core\indexes\base.py", line 3805, in get_loc
    return self._engine.get_loc(casted_key)
  File "index.pyx", line 167, in pandas._libs.index.IndexEngine.get_loc
  File "index.pyx", line 196, in pandas._libs.index.IndexEngine.get_loc
  File "pandas\\_libs\\hashtable_class_helper.pxi", line 7081, in pandas._libs.hashtable.PyObjectHashTable.get_item
  File "pandas\\_libs\\hashtable_class_helper.pxi", line 7089, in pandas._libs.hashtable.PyObjectHashTable.get_item
KeyError: 'volatility'

The above exception was the direct cause of the following exception:

Traceback (most recent call last):
  File "V:\PlayGround\mt5_trading_bot\main.py", line 72, in main
    df = strategy.calculate_indicators(df)
  File "V:\PlayGround\mt5_trading_bot\services\trade_manager.py", line 20, in manage_positions
    current_vol = last_candle['volatility'] # Rolling val
  File "C:\Users\vasan\AppData\Local\Programs\Python\Python39\lib\site-packages\pandas\core\series.py", line 1121, in __getitem__
    return self._get_value(key)
  File "C:\Users\vasan\AppData\Local\Programs\Python\Python39\lib\site-packages\pandas\core\series.py", line 1237, in _get_value
    loc = self.index.get_loc(label)
  File "C:\Users\vasan\AppData\Local\Programs\Python\Python39\lib\site-packages\pandas\core\indexes\base.py", line 3812, in get_loc
    raise KeyError(key) from err
KeyError: 'volatility'
2025-12-20 19:33:28,239 - Main - ERROR - Unexpected Error: 'volatility'
Traceback (most recent call last):
  File "C:\Users\vasan\AppData\Local\Programs\Python\Python39\lib\site-packages\pandas\core\indexes\base.py", line 3805, in get_loc
    return self._engine.get_loc(casted_key)
  File "index.pyx", line 167, in pandas._libs.index.IndexEngine.get_loc
  File "index.pyx", line 196, in pandas._libs.index.IndexEngine.get_loc
  File "pandas\\_libs\\hashtable_class_helper.pxi", line 7081, in pandas._libs.hashtable.PyObjectHashTable.get_item
  File "pandas\\_libs\\hashtable_class_helper.pxi", line 7089, in pandas._libs.hashtable.PyObjectHashTable.get_item
KeyError: 'volatility'

The above exception was the direct cause of the following exception:

Traceback (most recent call last):
  File "V:\PlayGround\mt5_trading_bot\main.py", line 72, in main
    df = strategy.calculate_indicators(df)
  File "V:\PlayGround\mt5_trading_bot\services\trade_manager.py", line 20, in manage_positions
    current_vol = last_candle['volatility'] # Rolling val
  File "C:\Users\vasan\AppData\Local\Programs\Python\Python39\lib\site-packages\pandas\core\series.py", line 1121, in __getitem__
    return self._get_value(key)
  File "C:\Users\vasan\AppData\Local\Programs\Python\Python39\lib\site-packages\pandas\core\series.py", line 1237, in _get_value
    loc = self.index.get_loc(label)
  File "C:\Users\vasan\AppData\Local\Programs\Python\Python39\lib\site-packages\pandas\core\indexes\base.py", line 3812, in get_loc
    raise KeyError(key) from err
KeyError: 'volatility'
2025-12-20 19:33:33,261 - Main - ERROR - Unexpected Error: 'volatility'
Traceback (most recent call last):
  File "C:\Users\vasan\AppData\Local\Programs\Python\Python39\lib\site-packages\pandas\core\indexes\base.py", line 3805, in get_loc
    return self._engine.get_loc(casted_key)
  File "index.pyx", line 167, in pandas._libs.index.IndexEngine.get_loc
  File "index.pyx", line 196, in pandas._libs.index.IndexEngine.get_loc
  File "pandas\\_libs\\hashtable_class_helper.pxi", line 7081, in pandas._libs.hashtable.PyObjectHashTable.get_item
  File "pandas\\_libs\\hashtable_class_helper.pxi", line 7089, in pandas._libs.hashtable.PyObjectHashTable.get_item
KeyError: 'volatility'

The above exception was the direct cause of the following exception:

Traceback (most recent call last):
  File "V:\PlayGround\mt5_trading_bot\main.py", line 72, in main
    df = strategy.calculate_indicators(df)
  File "V:\PlayGround\mt5_trading_bot\services\trade_manager.py", line 20, in manage_positions
    current_vol = last_candle['volatility'] # Rolling val
  File "C:\Users\vasan\AppData\Local\Programs\Python\Python39\lib\site-packages\pandas\core\series.py", line 1121, in __getitem__
    return self._get_value(key)
  File "C:\Users\vasan\AppData\Local\Programs\Python\Python39\lib\site-packages\pandas\core\series.py", line 1237, in _get_value
    loc = self.index.get_loc(label)
  File "C:\Users\vasan\AppData\Local\Programs\Python\Python39\lib\site-packages\pandas\core\indexes\base.py", line 3812, in get_loc
    raise KeyError(key) from err
KeyError: 'volatility'
2025-12-20 19:33:38,282 - Main - ERROR - Unexpected Error: 'volatility'
Traceback (most recent call last):
  File "C:\Users\vasan\AppData\Local\Programs\Python\Python39\lib\site-packages\pandas\core\indexes\base.py", line 3805, in get_loc
    return self._engine.get_loc(casted_key)
  File "index.pyx", line 167, in pandas._libs.index.IndexEngine.get_loc
  File "index.pyx", line 196, in pandas._libs.index.IndexEngine.get_loc
  File "pandas\\_libs\\hashtable_class_helper.pxi", line 7081, in pandas._libs.hashtable.PyObjectHashTable.get_item
  File "pandas\\_libs\\hashtable_class_helper.pxi", line 7089, in pandas._libs.hashtable.PyObjectHashTable.get_item
KeyError: 'volatility'

The above exception was the direct cause of the following exception:

Traceback (most recent call last):
  File "V:\PlayGround\mt5_trading_bot\main.py", line 72, in main
    df = strategy.calculate_indicators(df)
  File "V:\PlayGround\mt5_trading_bot\services\trade_manager.py", line 20, in manage_positions
    current_vol = last_candle['volatility'] # Rolling val
  File "C:\Users\vasan\AppData\Local\Programs\Python\Python39\lib\site-packages\pandas\core\series.py", line 1121, in __getitem__
    return self._get_value(key)
  File "C:\Users\vasan\AppData\Local\Programs\Python\Python39\lib\site-packages\pandas\core\series.py", line 1237, in _get_value
    loc = self.index.get_loc(label)
  File "C:\Users\vasan\AppData\Local\Programs\Python\Python39\lib\site-packages\pandas\core\indexes\base.py", line 3812, in get_loc
    raise KeyError(key) from err
KeyError: 'volatility'
2025-12-20 19:33:43,291 - Main - ERROR - Unexpected Error: 'volatility'
Traceback (most recent call last):
  File "C:\Users\vasan\AppData\Local\Programs\Python\Python39\lib\site-packages\pandas\core\indexes\base.py", line 3805, in get_loc
    return self._engine.get_loc(casted_key)
  File "index.pyx", line 167, in pandas._libs.index.IndexEngine.get_loc
  File "index.pyx", line 196, in pandas._libs.index.IndexEngine.get_loc
  File "pandas\\_libs\\hashtable_class_helper.pxi", line 7081, in pandas._libs.hashtable.PyObjectHashTable.get_item
  File "pandas\\_libs\\hashtable_class_helper.pxi", line 7089, in pandas._libs.hashtable.PyObjectHashTable.get_item
KeyError: 'volatility'

The above exception was the direct cause of the following exception:

Traceback (most recent call last):
  File "V:\PlayGround\mt5_trading_bot\main.py", line 72, in main
    df = strategy.calculate_indicators(df)
  File "V:\PlayGround\mt5_trading_bot\services\trade_manager.py", line 20, in manage_positions
    current_vol = last_candle['volatility'] # Rolling val
  File "C:\Users\vasan\AppData\Local\Programs\Python\Python39\lib\site-packages\pandas\core\series.py", line 1121, in __getitem__
    return self._get_value(key)
  File "C:\Users\vasan\AppData\Local\Programs\Python\Python39\lib\site-packages\pandas\core\series.py", line 1237, in _get_value
    loc = self.index.get_loc(label)
  File "C:\Users\vasan\AppData\Local\Programs\Python\Python39\lib\site-packages\pandas\core\indexes\base.py", line 3812, in get_loc
    raise KeyError(key) from err
KeyError: 'volatility'
2025-12-20 19:33:48,303 - Main - ERROR - Unexpected Error: 'volatility'
Traceback (most recent call last):
  File "C:\Users\vasan\AppData\Local\Programs\Python\Python39\lib\site-packages\pandas\core\indexes\base.py", line 3805, in get_loc
    return self._engine.get_loc(casted_key)
  File "index.pyx", line 167, in pandas._libs.index.IndexEngine.get_loc
  File "index.pyx", line 196, in pandas._libs.index.IndexEngine.get_loc
  File "pandas\\_libs\\hashtable_class_helper.pxi", line 7081, in pandas._libs.hashtable.PyObjectHashTable.get_item
  File "pandas\\_libs\\hashtable_class_helper.pxi", line 7089, in pandas._libs.hashtable.PyObjectHashTable.get_item
KeyError: 'volatility'

The above exception was the direct cause of the following exception:

Traceback (most recent call last):
  File "V:\PlayGround\mt5_trading_bot\main.py", line 72, in main
    df = strategy.calculate_indicators(df)
  File "V:\PlayGround\mt5_trading_bot\services\trade_manager.py", line 20, in manage_positions
    current_vol = last_candle['volatility'] # Rolling val
  File "C:\Users\vasan\AppData\Local\Programs\Python\Python39\lib\site-packages\pandas\core\series.py", line 1121, in __getitem__
    return self._get_value(key)
  File "C:\Users\vasan\AppData\Local\Programs\Python\Python39\lib\site-packages\pandas\core\series.py", line 1237, in _get_value
    loc = self.index.get_loc(label)
  File "C:\Users\vasan\AppData\Local\Programs\Python\Python39\lib\site-packages\pandas\core\indexes\base.py", line 3812, in get_loc
    raise KeyError(key) from err
KeyError: 'volatility'
2025-12-20 19:33:53,324 - Main - ERROR - Unexpected Error: 'volatility'
Traceback (most recent call last):
  File "C:\Users\vasan\AppData\Local\Programs\Python\Python39\lib\site-packages\pandas\core\indexes\base.py", line 3805, in get_loc
    return self._engine.get_loc(casted_key)
  File "index.pyx", line 167, in pandas._libs.index.IndexEngine.get_loc
  File "index.pyx", line 196, in pandas._libs.index.IndexEngine.get_loc
  File "pandas\\_libs\\hashtable_class_helper.pxi", line 7081, in pandas._libs.hashtable.PyObjectHashTable.get_item
  File "pandas\\_libs\\hashtable_class_helper.pxi", line 7089, in pandas._libs.hashtable.PyObjectHashTable.get_item
KeyError: 'volatility'

The above exception was the direct cause of the following exception:

Traceback (most recent call last):
  File "V:\PlayGround\mt5_trading_bot\main.py", line 72, in main
    df = strategy.calculate_indicators(df)
  File "V:\PlayGround\mt5_trading_bot\services\trade_manager.py", line 20, in manage_positions
    current_vol = last_candle['volatility'] # Rolling val
  File "C:\Users\vasan\AppData\Local\Programs\Python\Python39\lib\site-packages\pandas\core\series.py", line 1121, in __getitem__
    return self._get_value(key)
  File "C:\Users\vasan\AppData\Local\Programs\Python\Python39\lib\site-packages\pandas\core\series.py", line 1237, in _get_value
    loc = self.index.get_loc(label)
  File "C:\Users\vasan\AppData\Local\Programs\Python\Python39\lib\site-packages\pandas\core\indexes\base.py", line 3812, in get_loc
    raise KeyError(key) from err
KeyError: 'volatility'
2025-12-20 19:33:58,341 - Main - ERROR - Unexpected Error: 'volatility'
Traceback (most recent call last):
  File "C:\Users\vasan\AppData\Local\Programs\Python\Python39\lib\site-packages\pandas\core\indexes\base.py", line 3805, in get_loc
    return self._engine.get_loc(casted_key)
  File "index.pyx", line 167, in pandas._libs.index.IndexEngine.get_loc
  File "index.pyx", line 196, in pandas._libs.index.IndexEngine.get_loc
  File "pandas\\_libs\\hashtable_class_helper.pxi", line 7081, in pandas._libs.hashtable.PyObjectHashTable.get_item
  File "pandas\\_libs\\hashtable_class_helper.pxi", line 7089, in pandas._libs.hashtable.PyObjectHashTable.get_item
KeyError: 'volatility'

The above exception was the direct cause of the following exception:

Traceback (most recent call last):
  File "V:\PlayGround\mt5_trading_bot\main.py", line 72, in main
    df = strategy.calculate_indicators(df)
  File "V:\PlayGround\mt5_trading_bot\services\trade_manager.py", line 20, in manage_positions
    current_vol = last_candle['volatility'] # Rolling val
  File "C:\Users\vasan\AppData\Local\Programs\Python\Python39\lib\site-packages\pandas\core\series.py", line 1121, in __getitem__
    return self._get_value(key)
  File "C:\Users\vasan\AppData\Local\Programs\Python\Python39\lib\site-packages\pandas\core\series.py", line 1237, in _get_value
    loc = self.index.get_loc(label)
  File "C:\Users\vasan\AppData\Local\Programs\Python\Python39\lib\site-packages\pandas\core\indexes\base.py", line 3812, in get_loc
    raise KeyError(key) from err
KeyError: 'volatility'
2025-12-20 19:34:03,362 - Main - ERROR - Unexpected Error: 'volatility'
Traceback (most recent call last):
  File "C:\Users\vasan\AppData\Local\Programs\Python\Python39\lib\site-packages\pandas\core\indexes\base.py", line 3805, in get_loc
    return self._engine.get_loc(casted_key)
  File "index.pyx", line 167, in pandas._libs.index.IndexEngine.get_loc
  File "index.pyx", line 196, in pandas._libs.index.IndexEngine.get_loc
  File "pandas\\_libs\\hashtable_class_helper.pxi", line 7081, in pandas._libs.hashtable.PyObjectHashTable.get_item
  File "pandas\\_libs\\hashtable_class_helper.pxi", line 7089, in pandas._libs.hashtable.PyObjectHashTable.get_item
KeyError: 'volatility'

The above exception was the direct cause of the following exception:

Traceback (most recent call last):
  File "V:\PlayGround\mt5_trading_bot\main.py", line 72, in main
    df = strategy.calculate_indicators(df)
  File "V:\PlayGround\mt5_trading_bot\services\trade_manager.py", line 20, in manage_positions
    current_vol = last_candle['volatility'] # Rolling val
  File "C:\Users\vasan\AppData\Local\Programs\Python\Python39\lib\site-packages\pandas\core\series.py", line 1121, in __getitem__
    return self._get_value(key)
  File "C:\Users\vasan\AppData\Local\Programs\Python\Python39\lib\site-packages\pandas\core\series.py", line 1237, in _get_value
    loc = self.index.get_loc(label)
  File "C:\Users\vasan\AppData\Local\Programs\Python\Python39\lib\site-packages\pandas\core\indexes\base.py", line 3812, in get_loc
    raise KeyError(key) from err
KeyError: 'volatility'
2025-12-20 19:34:08,379 - Main - ERROR - Unexpected Error: 'volatility'
Traceback (most recent call last):
  File "C:\Users\vasan\AppData\Local\Programs\Python\Python39\lib\site-packages\pandas\core\indexes\base.py", line 3805, in get_loc
    return self._engine.get_loc(casted_key)
  File "index.pyx", line 167, in pandas._libs.index.IndexEngine.get_loc
  File "index.pyx", line 196, in pandas._libs.index.IndexEngine.get_loc
  File "pandas\\_libs\\hashtable_class_helper.pxi", line 7081, in pandas._libs.hashtable.PyObjectHashTable.get_item
  File "pandas\\_libs\\hashtable_class_helper.pxi", line 7089, in pandas._libs.hashtable.PyObjectHashTable.get_item
KeyError: 'volatility'

The above exception was the direct cause of the following exception:

Traceback (most recent call last):
  File "V:\PlayGround\mt5_trading_bot\main.py", line 72, in main
    df = strategy.calculate_indicators(df)
  File "V:\PlayGround\mt5_trading_bot\services\trade_manager.py", line 20, in manage_positions
    current_vol = last_candle['volatility'] # Rolling val
  File "C:\Users\vasan\AppData\Local\Programs\Python\Python39\lib\site-packages\pandas\core\series.py", line 1121, in __getitem__
    return self._get_value(key)
  File "C:\Users\vasan\AppData\Local\Programs\Python\Python39\lib\site-packages\pandas\core\series.py", line 1237, in _get_value
    loc = self.index.get_loc(label)
  File "C:\Users\vasan\AppData\Local\Programs\Python\Python39\lib\site-packages\pandas\core\indexes\base.py", line 3812, in get_loc
    raise KeyError(key) from err
KeyError: 'volatility'
2025-12-20 19:34:13,400 - Main - ERROR - Unexpected Error: 'volatility'
Traceback (most recent call last):
  File "C:\Users\vasan\AppData\Local\Programs\Python\Python39\lib\site-packages\pandas\core\indexes\base.py", line 3805, in get_loc
    return self._engine.get_loc(casted_key)
  File "index.pyx", line 167, in pandas._libs.index.IndexEngine.get_loc
  File "index.pyx", line 196, in pandas._libs.index.IndexEngine.get_loc
  File "pandas\\_libs\\hashtable_class_helper.pxi", line 7081, in pandas._libs.hashtable.PyObjectHashTable.get_item
  File "pandas\\_libs\\hashtable_class_helper.pxi", line 7089, in pandas._libs.hashtable.PyObjectHashTable.get_item
KeyError: 'volatility'

The above exception was the direct cause of the following exception:

Traceback (most recent call last):
  File "V:\PlayGround\mt5_trading_bot\main.py", line 72, in main
    df = strategy.calculate_indicators(df)
  File "V:\PlayGround\mt5_trading_bot\services\trade_manager.py", line 20, in manage_positions
    current_vol = last_candle['volatility'] # Rolling val
  File "C:\Users\vasan\AppData\Local\Programs\Python\Python39\lib\site-packages\pandas\core\series.py", line 1121, in __getitem__
    return self._get_value(key)
  File "C:\Users\vasan\AppData\Local\Programs\Python\Python39\lib\site-packages\pandas\core\series.py", line 1237, in _get_value
    loc = self.index.get_loc(label)
  File "C:\Users\vasan\AppData\Local\Programs\Python\Python39\lib\site-packages\pandas\core\indexes\base.py", line 3812, in get_loc
    raise KeyError(key) from err
KeyError: 'volatility'
2025-12-20 19:34:18,416 - Main - ERROR - Unexpected Error: 'volatility'
Traceback (most recent call last):
  File "C:\Users\vasan\AppData\Local\Programs\Python\Python39\lib\site-packages\pandas\core\indexes\base.py", line 3805, in get_loc
    return self._engine.get_loc(casted_key)
  File "index.pyx", line 167, in pandas._libs.index.IndexEngine.get_loc
  File "index.pyx", line 196, in pandas._libs.index.IndexEngine.get_loc
  File "pandas\\_libs\\hashtable_class_helper.pxi", line 7081, in pandas._libs.hashtable.PyObjectHashTable.get_item
  File "pandas\\_libs\\hashtable_class_helper.pxi", line 7089, in pandas._libs.hashtable.PyObjectHashTable.get_item
KeyError: 'volatility'

The above exception was the direct cause of the following exception:

Traceback (most recent call last):
  File "V:\PlayGround\mt5_trading_bot\main.py", line 72, in main
    df = strategy.calculate_indicators(df)
  File "V:\PlayGround\mt5_trading_bot\services\trade_manager.py", line 20, in manage_positions
    current_vol = last_candle['volatility'] # Rolling val
  File "C:\Users\vasan\AppData\Local\Programs\Python\Python39\lib\site-packages\pandas\core\series.py", line 1121, in __getitem__
    return self._get_value(key)
  File "C:\Users\vasan\AppData\Local\Programs\Python\Python39\lib\site-packages\pandas\core\series.py", line 1237, in _get_value
    loc = self.index.get_loc(label)
  File "C:\Users\vasan\AppData\Local\Programs\Python\Python39\lib\site-packages\pandas\core\indexes\base.py", line 3812, in get_loc
    raise KeyError(key) from err
KeyError: 'volatility'
2025-12-20 19:34:23,430 - Main - ERROR - Unexpected Error: 'volatility'
Traceback (most recent call last):
  File "C:\Users\vasan\AppData\Local\Programs\Python\Python39\lib\site-packages\pandas\core\indexes\base.py", line 3805, in get_loc
    return self._engine.get_loc(casted_key)
  File "index.pyx", line 167, in pandas._libs.index.IndexEngine.get_loc
  File "index.pyx", line 196, in pandas._libs.index.IndexEngine.get_loc
  File "pandas\\_libs\\hashtable_class_helper.pxi", line 7081, in pandas._libs.hashtable.PyObjectHashTable.get_item
  File "pandas\\_libs\\hashtable_class_helper.pxi", line 7089, in pandas._libs.hashtable.PyObjectHashTable.get_item
KeyError: 'volatility'

The above exception was the direct cause of the following exception:

Traceback (most recent call last):
  File "V:\PlayGround\mt5_trading_bot\main.py", line 72, in main
    df = strategy.calculate_indicators(df)
  File "V:\PlayGround\mt5_trading_bot\services\trade_manager.py", line 20, in manage_positions
    current_vol = last_candle['volatility'] # Rolling val
  File "C:\Users\vasan\AppData\Local\Programs\Python\Python39\lib\site-packages\pandas\core\series.py", line 1121, in __getitem__
    return self._get_value(key)
  File "C:\Users\vasan\AppData\Local\Programs\Python\Python39\lib\site-packages\pandas\core\series.py", line 1237, in _get_value
    loc = self.index.get_loc(label)
  File "C:\Users\vasan\AppData\Local\Programs\Python\Python39\lib\site-packages\pandas\core\indexes\base.py", line 3812, in get_loc
    raise KeyError(key) from err
KeyError: 'volatility'
2025-12-20 19:34:28,436 - Main - ERROR - Unexpected Error: 'volatility'
Traceback (most recent call last):
  File "C:\Users\vasan\AppData\Local\Programs\Python\Python39\lib\site-packages\pandas\core\indexes\base.py", line 3805, in get_loc
    return self._engine.get_loc(casted_key)
  File "index.pyx", line 167, in pandas._libs.index.IndexEngine.get_loc
  File "index.pyx", line 196, in pandas._libs.index.IndexEngine.get_loc
  File "pandas\\_libs\\hashtable_class_helper.pxi", line 7081, in pandas._libs.hashtable.PyObjectHashTable.get_item
  File "pandas\\_libs\\hashtable_class_helper.pxi", line 7089, in pandas._libs.hashtable.PyObjectHashTable.get_item
KeyError: 'volatility'

The above exception was the direct cause of the following exception:

Traceback (most recent call last):
  File "V:\PlayGround\mt5_trading_bot\main.py", line 72, in main
    df = strategy.calculate_indicators(df)
  File "V:\PlayGround\mt5_trading_bot\services\trade_manager.py", line 20, in manage_positions
    current_vol = last_candle['volatility'] # Rolling val
  File "C:\Users\vasan\AppData\Local\Programs\Python\Python39\lib\site-packages\pandas\core\series.py", line 1121, in __getitem__
    return self._get_value(key)
  File "C:\Users\vasan\AppData\Local\Programs\Python\Python39\lib\site-packages\pandas\core\series.py", line 1237, in _get_value
    loc = self.index.get_loc(label)
  File "C:\Users\vasan\AppData\Local\Programs\Python\Python39\lib\site-packages\pandas\core\indexes\base.py", line 3812, in get_loc
    raise KeyError(key) from err
KeyError: 'volatility'
2025-12-20 19:34:33,447 - Main - ERROR - Unexpected Error: 'volatility'
Traceback (most recent call last):
  File "C:\Users\vasan\AppData\Local\Programs\Python\Python39\lib\site-packages\pandas\core\indexes\base.py", line 3805, in get_loc
    return self._engine.get_loc(casted_key)
  File "index.pyx", line 167, in pandas._libs.index.IndexEngine.get_loc
  File "index.pyx", line 196, in pandas._libs.index.IndexEngine.get_loc
  File "pandas\\_libs\\hashtable_class_helper.pxi", line 7081, in pandas._libs.hashtable.PyObjectHashTable.get_item
  File "pandas\\_libs\\hashtable_class_helper.pxi", line 7089, in pandas._libs.hashtable.PyObjectHashTable.get_item
KeyError: 'volatility'

The above exception was the direct cause of the following exception:

Traceback (most recent call last):
  File "V:\PlayGround\mt5_trading_bot\main.py", line 72, in main
    df = strategy.calculate_indicators(df)
  File "V:\PlayGround\mt5_trading_bot\services\trade_manager.py", line 20, in manage_positions
    current_vol = last_candle['volatility'] # Rolling val
  File "C:\Users\vasan\AppData\Local\Programs\Python\Python39\lib\site-packages\pandas\core\series.py", line 1121, in __getitem__
    return self._get_value(key)
  File "C:\Users\vasan\AppData\Local\Programs\Python\Python39\lib\site-packages\pandas\core\series.py", line 1237, in _get_value
    loc = self.index.get_loc(label)
  File "C:\Users\vasan\AppData\Local\Programs\Python\Python39\lib\site-packages\pandas\core\indexes\base.py", line 3812, in get_loc
    raise KeyError(key) from err
KeyError: 'volatility'
2025-12-20 19:34:38,460 - Main - ERROR - Unexpected Error: 'volatility'
Traceback (most recent call last):
  File "C:\Users\vasan\AppData\Local\Programs\Python\Python39\lib\site-packages\pandas\core\indexes\base.py", line 3805, in get_loc
    return self._engine.get_loc(casted_key)
  File "index.pyx", line 167, in pandas._libs.index.IndexEngine.get_loc
  File "index.pyx", line 196, in pandas._libs.index.IndexEngine.get_loc
  File "pandas\\_libs\\hashtable_class_helper.pxi", line 7081, in pandas._libs.hashtable.PyObjectHashTable.get_item
  File "pandas\\_libs\\hashtable_class_helper.pxi", line 7089, in pandas._libs.hashtable.PyObjectHashTable.get_item
KeyError: 'volatility'

The above exception was the direct cause of the following exception:

Traceback (most recent call last):
  File "V:\PlayGround\mt5_trading_bot\main.py", line 72, in main
    df = strategy.calculate_indicators(df)
  File "V:\PlayGround\mt5_trading_bot\services\trade_manager.py", line 20, in manage_positions
    current_vol = last_candle['volatility'] # Rolling val
  File "C:\Users\vasan\AppData\Local\Programs\Python\Python39\lib\site-packages\pandas\core\series.py", line 1121, in __getitem__
    return self._get_value(key)
  File "C:\Users\vasan\AppData\Local\Programs\Python\Python39\lib\site-packages\pandas\core\series.py", line 1237, in _get_value
    loc = self.index.get_loc(label)
  File "C:\Users\vasan\AppData\Local\Programs\Python\Python39\lib\site-packages\pandas\core\indexes\base.py", line 3812, in get_loc
    raise KeyError(key) from err
KeyError: 'volatility'
2025-12-20 19:34:43,475 - Main - ERROR - Unexpected Error: 'volatility'
Traceback (most recent call last):
  File "C:\Users\vasan\AppData\Local\Programs\Python\Python39\lib\site-packages\pandas\core\indexes\base.py", line 3805, in get_loc
    return self._engine.get_loc(casted_key)
  File "index.pyx", line 167, in pandas._libs.index.IndexEngine.get_loc
  File "index.pyx", line 196, in pandas._libs.index.IndexEngine.get_loc
  File "pandas\\_libs\\hashtable_class_helper.pxi", line 7081, in pandas._libs.hashtable.PyObjectHashTable.get_item
  File "pandas\\_libs\\hashtable_class_helper.pxi", line 7089, in pandas._libs.hashtable.PyObjectHashTable.get_item
KeyError: 'volatility'

The above exception was the direct cause of the following exception:

Traceback (most recent call last):
  File "V:\PlayGround\mt5_trading_bot\main.py", line 72, in main
    df = strategy.calculate_indicators(df)
  File "V:\PlayGround\mt5_trading_bot\services\trade_manager.py", line 20, in manage_positions
    current_vol = last_candle['volatility'] # Rolling val
  File "C:\Users\vasan\AppData\Local\Programs\Python\Python39\lib\site-packages\pandas\core\series.py", line 1121, in __getitem__
    return self._get_value(key)
  File "C:\Users\vasan\AppData\Local\Programs\Python\Python39\lib\site-packages\pandas\core\series.py", line 1237, in _get_value
    loc = self.index.get_loc(label)
  File "C:\Users\vasan\AppData\Local\Programs\Python\Python39\lib\site-packages\pandas\core\indexes\base.py", line 3812, in get_loc
    raise KeyError(key) from err
KeyError: 'volatility'
2025-12-20 19:34:48,486 - Main - ERROR - Unexpected Error: 'volatility'
Traceback (most recent call last):
  File "C:\Users\vasan\AppData\Local\Programs\Python\Python39\lib\site-packages\pandas\core\indexes\base.py", line 3805, in get_loc
    return self._engine.get_loc(casted_key)
  File "index.pyx", line 167, in pandas._libs.index.IndexEngine.get_loc
  File "index.pyx", line 196, in pandas._libs.index.IndexEngine.get_loc
  File "pandas\\_libs\\hashtable_class_helper.pxi", line 7081, in pandas._libs.hashtable.PyObjectHashTable.get_item
  File "pandas\\_libs\\hashtable_class_helper.pxi", line 7089, in pandas._libs.hashtable.PyObjectHashTable.get_item
KeyError: 'volatility'

The above exception was the direct cause of the following exception:

Traceback (most recent call last):
  File "V:\PlayGround\mt5_trading_bot\main.py", line 72, in main
    df = strategy.calculate_indicators(df)
  File "V:\PlayGround\mt5_trading_bot\services\trade_manager.py", line 20, in manage_positions
    current_vol = last_candle['volatility'] # Rolling val
  File "C:\Users\vasan\AppData\Local\Programs\Python\Python39\lib\site-packages\pandas\core\series.py", line 1121, in __getitem__
    return self._get_value(key)
  File "C:\Users\vasan\AppData\Local\Programs\Python\Python39\lib\site-packages\pandas\core\series.py", line 1237, in _get_value
    loc = self.index.get_loc(label)
  File "C:\Users\vasan\AppData\Local\Programs\Python\Python39\lib\site-packages\pandas\core\indexes\base.py", line 3812, in get_loc
    raise KeyError(key) from err
KeyError: 'volatility'
2025-12-20 19:34:53,505 - Main - ERROR - Unexpected Error: 'volatility'
Traceback (most recent call last):
  File "C:\Users\vasan\AppData\Local\Programs\Python\Python39\lib\site-packages\pandas\core\indexes\base.py", line 3805, in get_loc
    return self._engine.get_loc(casted_key)
  File "index.pyx", line 167, in pandas._libs.index.IndexEngine.get_loc
  File "index.pyx", line 196, in pandas._libs.index.IndexEngine.get_loc
  File "pandas\\_libs\\hashtable_class_helper.pxi", line 7081, in pandas._libs.hashtable.PyObjectHashTable.get_item
  File "pandas\\_libs\\hashtable_class_helper.pxi", line 7089, in pandas._libs.hashtable.PyObjectHashTable.get_item
KeyError: 'volatility'

The above exception was the direct cause of the following exception:

Traceback (most recent call last):
  File "V:\PlayGround\mt5_trading_bot\main.py", line 72, in main
    df = strategy.calculate_indicators(df)
  File "V:\PlayGround\mt5_trading_bot\services\trade_manager.py", line 20, in manage_positions
    current_vol = last_candle['volatility'] # Rolling val
  File "C:\Users\vasan\AppData\Local\Programs\Python\Python39\lib\site-packages\pandas\core\series.py", line 1121, in __getitem__
    return self._get_value(key)
  File "C:\Users\vasan\AppData\Local\Programs\Python\Python39\lib\site-packages\pandas\core\series.py", line 1237, in _get_value
    loc = self.index.get_loc(label)
  File "C:\Users\vasan\AppData\Local\Programs\Python\Python39\lib\site-packages\pandas\core\indexes\base.py", line 3812, in get_loc
    raise KeyError(key) from err
KeyError: 'volatility'
2025-12-20 19:34:58,527 - Main - ERROR - Unexpected Error: 'volatility'
Traceback (most recent call last):
  File "C:\Users\vasan\AppData\Local\Programs\Python\Python39\lib\site-packages\pandas\core\indexes\base.py", line 3805, in get_loc
    return self._engine.get_loc(casted_key)
  File "index.pyx", line 167, in pandas._libs.index.IndexEngine.get_loc
  File "index.pyx", line 196, in pandas._libs.index.IndexEngine.get_loc
  File "pandas\\_libs\\hashtable_class_helper.pxi", line 7081, in pandas._libs.hashtable.PyObjectHashTable.get_item
  File "pandas\\_libs\\hashtable_class_helper.pxi", line 7089, in pandas._libs.hashtable.PyObjectHashTable.get_item
KeyError: 'volatility'

The above exception was the direct cause of the following exception:

Traceback (most recent call last):
  File "V:\PlayGround\mt5_trading_bot\main.py", line 72, in main
    df = strategy.calculate_indicators(df)
  File "V:\PlayGround\mt5_trading_bot\services\trade_manager.py", line 20, in manage_positions
    current_vol = last_candle['volatility'] # Rolling val
  File "C:\Users\vasan\AppData\Local\Programs\Python\Python39\lib\site-packages\pandas\core\series.py", line 1121, in __getitem__
    return self._get_value(key)
  File "C:\Users\vasan\AppData\Local\Programs\Python\Python39\lib\site-packages\pandas\core\series.py", line 1237, in _get_value
    loc = self.index.get_loc(label)
  File "C:\Users\vasan\AppData\Local\Programs\Python\Python39\lib\site-packages\pandas\core\indexes\base.py", line 3812, in get_loc
    raise KeyError(key) from err
KeyError: 'volatility'
2025-12-20 19:35:03,544 - Main - ERROR - Unexpected Error: 'volatility'
Traceback (most recent call last):
  File "C:\Users\vasan\AppData\Local\Programs\Python\Python39\lib\site-packages\pandas\core\indexes\base.py", line 3805, in get_loc
    return self._engine.get_loc(casted_key)
  File "index.pyx", line 167, in pandas._libs.index.IndexEngine.get_loc
  File "index.pyx", line 196, in pandas._libs.index.IndexEngine.get_loc
  File "pandas\\_libs\\hashtable_class_helper.pxi", line 7081, in pandas._libs.hashtable.PyObjectHashTable.get_item
  File "pandas\\_libs\\hashtable_class_helper.pxi", line 7089, in pandas._libs.hashtable.PyObjectHashTable.get_item
KeyError: 'volatility'

The above exception was the direct cause of the following exception:

Traceback (most recent call last):
  File "V:\PlayGround\mt5_trading_bot\main.py", line 72, in main
    df = strategy.calculate_indicators(df)
  File "V:\PlayGround\mt5_trading_bot\services\trade_manager.py", line 20, in manage_positions
    current_vol = last_candle['volatility'] # Rolling val
  File "C:\Users\vasan\AppData\Local\Programs\Python\Python39\lib\site-packages\pandas\core\series.py", line 1121, in __getitem__
    return self._get_value(key)
  File "C:\Users\vasan\AppData\Local\Programs\Python\Python39\lib\site-packages\pandas\core\series.py", line 1237, in _get_value
    loc = self.index.get_loc(label)
  File "C:\Users\vasan\AppData\Local\Programs\Python\Python39\lib\site-packages\pandas\core\indexes\base.py", line 3812, in get_loc
    raise KeyError(key) from err
KeyError: 'volatility'
2025-12-20 19:35:08,562 - Main - ERROR - Unexpected Error: 'volatility'
Traceback (most recent call last):
  File "C:\Users\vasan\AppData\Local\Programs\Python\Python39\lib\site-packages\pandas\core\indexes\base.py", line 3805, in get_loc
    return self._engine.get_loc(casted_key)
  File "index.pyx", line 167, in pandas._libs.index.IndexEngine.get_loc
  File "index.pyx", line 196, in pandas._libs.index.IndexEngine.get_loc
  File "pandas\\_libs\\hashtable_class_helper.pxi", line 7081, in pandas._libs.hashtable.PyObjectHashTable.get_item
  File "pandas\\_libs\\hashtable_class_helper.pxi", line 7089, in pandas._libs.hashtable.PyObjectHashTable.get_item
KeyError: 'volatility'

The above exception was the direct cause of the following exception:

Traceback (most recent call last):
  File "V:\PlayGround\mt5_trading_bot\main.py", line 72, in main
    df = strategy.calculate_indicators(df)
  File "V:\PlayGround\mt5_trading_bot\services\trade_manager.py", line 20, in manage_positions
    current_vol = last_candle['volatility'] # Rolling val
  File "C:\Users\vasan\AppData\Local\Programs\Python\Python39\lib\site-packages\pandas\core\series.py", line 1121, in __getitem__
    return self._get_value(key)
  File "C:\Users\vasan\AppData\Local\Programs\Python\Python39\lib\site-packages\pandas\core\series.py", line 1237, in _get_value
    loc = self.index.get_loc(label)
  File "C:\Users\vasan\AppData\Local\Programs\Python\Python39\lib\site-packages\pandas\core\indexes\base.py", line 3812, in get_loc
    raise KeyError(key) from err
KeyError: 'volatility'
2025-12-20 19:35:13,573 - Main - ERROR - Unexpected Error: 'volatility'
Traceback (most recent call last):
  File "C:\Users\vasan\AppData\Local\Programs\Python\Python39\lib\site-packages\pandas\core\indexes\base.py", line 3805, in get_loc
    return self._engine.get_loc(casted_key)
  File "index.pyx", line 167, in pandas._libs.index.IndexEngine.get_loc
  File "index.pyx", line 196, in pandas._libs.index.IndexEngine.get_loc
  File "pandas\\_libs\\hashtable_class_helper.pxi", line 7081, in pandas._libs.hashtable.PyObjectHashTable.get_item
  File "pandas\\_libs\\hashtable_class_helper.pxi", line 7089, in pandas._libs.hashtable.PyObjectHashTable.get_item
KeyError: 'volatility'

The above exception was the direct cause of the following exception:

Traceback (most recent call last):
  File "V:\PlayGround\mt5_trading_bot\main.py", line 72, in main
    df = strategy.calculate_indicators(df)
  File "V:\PlayGround\mt5_trading_bot\services\trade_manager.py", line 20, in manage_positions
    current_vol = last_candle['volatility'] # Rolling val
  File "C:\Users\vasan\AppData\Local\Programs\Python\Python39\lib\site-packages\pandas\core\series.py", line 1121, in __getitem__
    return self._get_value(key)
  File "C:\Users\vasan\AppData\Local\Programs\Python\Python39\lib\site-packages\pandas\core\series.py", line 1237, in _get_value
    loc = self.index.get_loc(label)
  File "C:\Users\vasan\AppData\Local\Programs\Python\Python39\lib\site-packages\pandas\core\indexes\base.py", line 3812, in get_loc
    raise KeyError(key) from err
KeyError: 'volatility'
2025-12-20 19:35:18,590 - Main - ERROR - Unexpected Error: 'volatility'
Traceback (most recent call last):
  File "C:\Users\vasan\AppData\Local\Programs\Python\Python39\lib\site-packages\pandas\core\indexes\base.py", line 3805, in get_loc
    return self._engine.get_loc(casted_key)
  File "index.pyx", line 167, in pandas._libs.index.IndexEngine.get_loc
  File "index.pyx", line 196, in pandas._libs.index.IndexEngine.get_loc
  File "pandas\\_libs\\hashtable_class_helper.pxi", line 7081, in pandas._libs.hashtable.PyObjectHashTable.get_item
  File "pandas\\_libs\\hashtable_class_helper.pxi", line 7089, in pandas._libs.hashtable.PyObjectHashTable.get_item
KeyError: 'volatility'

The above exception was the direct cause of the following exception:

Traceback (most recent call last):
  File "V:\PlayGround\mt5_trading_bot\main.py", line 72, in main
    df = strategy.calculate_indicators(df)
  File "V:\PlayGround\mt5_trading_bot\services\trade_manager.py", line 20, in manage_positions
    current_vol = last_candle['volatility'] # Rolling val
  File "C:\Users\vasan\AppData\Local\Programs\Python\Python39\lib\site-packages\pandas\core\series.py", line 1121, in __getitem__
    return self._get_value(key)
  File "C:\Users\vasan\AppData\Local\Programs\Python\Python39\lib\site-packages\pandas\core\series.py", line 1237, in _get_value
    loc = self.index.get_loc(label)
  File "C:\Users\vasan\AppData\Local\Programs\Python\Python39\lib\site-packages\pandas\core\indexes\base.py", line 3812, in get_loc
    raise KeyError(key) from err
KeyError: 'volatility'
2025-12-20 19:35:23,602 - Main - ERROR - Unexpected Error: 'volatility'
Traceback (most recent call last):
  File "C:\Users\vasan\AppData\Local\Programs\Python\Python39\lib\site-packages\pandas\core\indexes\base.py", line 3805, in get_loc
    return self._engine.get_loc(casted_key)
  File "index.pyx", line 167, in pandas._libs.index.IndexEngine.get_loc
  File "index.pyx", line 196, in pandas._libs.index.IndexEngine.get_loc
  File "pandas\\_libs\\hashtable_class_helper.pxi", line 7081, in pandas._libs.hashtable.PyObjectHashTable.get_item
  File "pandas\\_libs\\hashtable_class_helper.pxi", line 7089, in pandas._libs.hashtable.PyObjectHashTable.get_item
KeyError: 'volatility'

The above exception was the direct cause of the following exception:

Traceback (most recent call last):
  File "V:\PlayGround\mt5_trading_bot\main.py", line 72, in main
    df = strategy.calculate_indicators(df)
  File "V:\PlayGround\mt5_trading_bot\services\trade_manager.py", line 20, in manage_positions
    current_vol = last_candle['volatility'] # Rolling val
  File "C:\Users\vasan\AppData\Local\Programs\Python\Python39\lib\site-packages\pandas\core\series.py", line 1121, in __getitem__
    return self._get_value(key)
  File "C:\Users\vasan\AppData\Local\Programs\Python\Python39\lib\site-packages\pandas\core\series.py", line 1237, in _get_value
    loc = self.index.get_loc(label)
  File "C:\Users\vasan\AppData\Local\Programs\Python\Python39\lib\site-packages\pandas\core\indexes\base.py", line 3812, in get_loc
    raise KeyError(key) from err
KeyError: 'volatility'
2025-12-20 19:35:28,618 - Main - ERROR - Unexpected Error: 'volatility'
Traceback (most recent call last):
  File "C:\Users\vasan\AppData\Local\Programs\Python\Python39\lib\site-packages\pandas\core\indexes\base.py", line 3805, in get_loc
    return self._engine.get_loc(casted_key)
  File "index.pyx", line 167, in pandas._libs.index.IndexEngine.get_loc
  File "index.pyx", line 196, in pandas._libs.index.IndexEngine.get_loc
  File "pandas\\_libs\\hashtable_class_helper.pxi", line 7081, in pandas._libs.hashtable.PyObjectHashTable.get_item
  File "pandas\\_libs\\hashtable_class_helper.pxi", line 7089, in pandas._libs.hashtable.PyObjectHashTable.get_item
KeyError: 'volatility'

The above exception was the direct cause of the following exception:

Traceback (most recent call last):
  File "V:\PlayGround\mt5_trading_bot\main.py", line 72, in main
    df = strategy.calculate_indicators(df)
  File "V:\PlayGround\mt5_trading_bot\services\trade_manager.py", line 20, in manage_positions
    current_vol = last_candle['volatility'] # Rolling val
  File "C:\Users\vasan\AppData\Local\Programs\Python\Python39\lib\site-packages\pandas\core\series.py", line 1121, in __getitem__
    return self._get_value(key)
  File "C:\Users\vasan\AppData\Local\Programs\Python\Python39\lib\site-packages\pandas\core\series.py", line 1237, in _get_value
    loc = self.index.get_loc(label)
  File "C:\Users\vasan\AppData\Local\Programs\Python\Python39\lib\site-packages\pandas\core\indexes\base.py", line 3812, in get_loc
    raise KeyError(key) from err
KeyError: 'volatility'
2025-12-20 19:35:33,639 - Main - ERROR - Unexpected Error: 'volatility'
Traceback (most recent call last):
  File "C:\Users\vasan\AppData\Local\Programs\Python\Python39\lib\site-packages\pandas\core\indexes\base.py", line 3805, in get_loc
    return self._engine.get_loc(casted_key)
  File "index.pyx", line 167, in pandas._libs.index.IndexEngine.get_loc
  File "index.pyx", line 196, in pandas._libs.index.IndexEngine.get_loc
  File "pandas\\_libs\\hashtable_class_helper.pxi", line 7081, in pandas._libs.hashtable.PyObjectHashTable.get_item
  File "pandas\\_libs\\hashtable_class_helper.pxi", line 7089, in pandas._libs.hashtable.PyObjectHashTable.get_item
KeyError: 'volatility'

The above exception was the direct cause of the following exception:

Traceback (most recent call last):
  File "V:\PlayGround\mt5_trading_bot\main.py", line 72, in main
    df = strategy.calculate_indicators(df)
  File "V:\PlayGround\mt5_trading_bot\services\trade_manager.py", line 20, in manage_positions
    current_vol = last_candle['volatility'] # Rolling val
  File "C:\Users\vasan\AppData\Local\Programs\Python\Python39\lib\site-packages\pandas\core\series.py", line 1121, in __getitem__
    return self._get_value(key)
  File "C:\Users\vasan\AppData\Local\Programs\Python\Python39\lib\site-packages\pandas\core\series.py", line 1237, in _get_value
    loc = self.index.get_loc(label)
  File "C:\Users\vasan\AppData\Local\Programs\Python\Python39\lib\site-packages\pandas\core\indexes\base.py", line 3812, in get_loc
    raise KeyError(key) from err
KeyError: 'volatility'
2025-12-20 19:35:38,646 - Main - ERROR - Unexpected Error: 'volatility'
Traceback (most recent call last):
  File "C:\Users\vasan\AppData\Local\Programs\Python\Python39\lib\site-packages\pandas\core\indexes\base.py", line 3805, in get_loc
    return self._engine.get_loc(casted_key)
  File "index.pyx", line 167, in pandas._libs.index.IndexEngine.get_loc
  File "index.pyx", line 196, in pandas._libs.index.IndexEngine.get_loc
  File "pandas\\_libs\\hashtable_class_helper.pxi", line 7081, in pandas._libs.hashtable.PyObjectHashTable.get_item
  File "pandas\\_libs\\hashtable_class_helper.pxi", line 7089, in pandas._libs.hashtable.PyObjectHashTable.get_item
KeyError: 'volatility'

The above exception was the direct cause of the following exception:

Traceback (most recent call last):
  File "V:\PlayGround\mt5_trading_bot\main.py", line 72, in main
    df = strategy.calculate_indicators(df)
  File "V:\PlayGround\mt5_trading_bot\services\trade_manager.py", line 20, in manage_positions
    current_vol = last_candle['volatility'] # Rolling val
  File "C:\Users\vasan\AppData\Local\Programs\Python\Python39\lib\site-packages\pandas\core\series.py", line 1121, in __getitem__
    return self._get_value(key)
  File "C:\Users\vasan\AppData\Local\Programs\Python\Python39\lib\site-packages\pandas\core\series.py", line 1237, in _get_value
    loc = self.index.get_loc(label)
  File "C:\Users\vasan\AppData\Local\Programs\Python\Python39\lib\site-packages\pandas\core\indexes\base.py", line 3812, in get_loc
    raise KeyError(key) from err
KeyError: 'volatility'
2025-12-20 19:35:43,665 - Main - ERROR - Unexpected Error: 'volatility'
Traceback (most recent call last):
  File "C:\Users\vasan\AppData\Local\Programs\Python\Python39\lib\site-packages\pandas\core\indexes\base.py", line 3805, in get_loc
    return self._engine.get_loc(casted_key)
  File "index.pyx", line 167, in pandas._libs.index.IndexEngine.get_loc
  File "index.pyx", line 196, in pandas._libs.index.IndexEngine.get_loc
  File "pandas\\_libs\\hashtable_class_helper.pxi", line 7081, in pandas._libs.hashtable.PyObjectHashTable.get_item
  File "pandas\\_libs\\hashtable_class_helper.pxi", line 7089, in pandas._libs.hashtable.PyObjectHashTable.get_item
KeyError: 'volatility'

The above exception was the direct cause of the following exception:

Traceback (most recent call last):
  File "V:\PlayGround\mt5_trading_bot\main.py", line 72, in main
    df = strategy.calculate_indicators(df)
  File "V:\PlayGround\mt5_trading_bot\services\trade_manager.py", line 20, in manage_positions
    current_vol = last_candle['volatility'] # Rolling val
  File "C:\Users\vasan\AppData\Local\Programs\Python\Python39\lib\site-packages\pandas\core\series.py", line 1121, in __getitem__
    return self._get_value(key)
  File "C:\Users\vasan\AppData\Local\Programs\Python\Python39\lib\site-packages\pandas\core\series.py", line 1237, in _get_value
    loc = self.index.get_loc(label)
  File "C:\Users\vasan\AppData\Local\Programs\Python\Python39\lib\site-packages\pandas\core\indexes\base.py", line 3812, in get_loc
    raise KeyError(key) from err
KeyError: 'volatility'
2025-12-20 19:35:48,683 - Main - ERROR - Unexpected Error: 'volatility'
Traceback (most recent call last):
  File "C:\Users\vasan\AppData\Local\Programs\Python\Python39\lib\site-packages\pandas\core\indexes\base.py", line 3805, in get_loc
    return self._engine.get_loc(casted_key)
  File "index.pyx", line 167, in pandas._libs.index.IndexEngine.get_loc
  File "index.pyx", line 196, in pandas._libs.index.IndexEngine.get_loc
  File "pandas\\_libs\\hashtable_class_helper.pxi", line 7081, in pandas._libs.hashtable.PyObjectHashTable.get_item
  File "pandas\\_libs\\hashtable_class_helper.pxi", line 7089, in pandas._libs.hashtable.PyObjectHashTable.get_item
KeyError: 'volatility'

The above exception was the direct cause of the following exception:

Traceback (most recent call last):
  File "V:\PlayGround\mt5_trading_bot\main.py", line 72, in main
    df = strategy.calculate_indicators(df)
  File "V:\PlayGround\mt5_trading_bot\services\trade_manager.py", line 20, in manage_positions
    current_vol = last_candle['volatility'] # Rolling val
  File "C:\Users\vasan\AppData\Local\Programs\Python\Python39\lib\site-packages\pandas\core\series.py", line 1121, in __getitem__
    return self._get_value(key)
  File "C:\Users\vasan\AppData\Local\Programs\Python\Python39\lib\site-packages\pandas\core\series.py", line 1237, in _get_value
    loc = self.index.get_loc(label)
  File "C:\Users\vasan\AppData\Local\Programs\Python\Python39\lib\site-packages\pandas\core\indexes\base.py", line 3812, in get_loc
    raise KeyError(key) from err
KeyError: 'volatility'
2025-12-20 19:35:53,697 - Main - ERROR - Unexpected Error: 'volatility'
Traceback (most recent call last):
  File "C:\Users\vasan\AppData\Local\Programs\Python\Python39\lib\site-packages\pandas\core\indexes\base.py", line 3805, in get_loc
    return self._engine.get_loc(casted_key)
  File "index.pyx", line 167, in pandas._libs.index.IndexEngine.get_loc
  File "index.pyx", line 196, in pandas._libs.index.IndexEngine.get_loc
  File "pandas\\_libs\\hashtable_class_helper.pxi", line 7081, in pandas._libs.hashtable.PyObjectHashTable.get_item
  File "pandas\\_libs\\hashtable_class_helper.pxi", line 7089, in pandas._libs.hashtable.PyObjectHashTable.get_item
KeyError: 'volatility'

The above exception was the direct cause of the following exception:

Traceback (most recent call last):
  File "V:\PlayGround\mt5_trading_bot\main.py", line 72, in main
    df = strategy.calculate_indicators(df)
  File "V:\PlayGround\mt5_trading_bot\services\trade_manager.py", line 20, in manage_positions
    current_vol = last_candle['volatility'] # Rolling val
  File "C:\Users\vasan\AppData\Local\Programs\Python\Python39\lib\site-packages\pandas\core\series.py", line 1121, in __getitem__
    return self._get_value(key)
  File "C:\Users\vasan\AppData\Local\Programs\Python\Python39\lib\site-packages\pandas\core\series.py", line 1237, in _get_value
    loc = self.index.get_loc(label)
  File "C:\Users\vasan\AppData\Local\Programs\Python\Python39\lib\site-packages\pandas\core\indexes\base.py", line 3812, in get_loc
    raise KeyError(key) from err
KeyError: 'volatility'
2025-12-20 19:35:58,706 - Main - ERROR - Unexpected Error: 'volatility'
Traceback (most recent call last):
  File "C:\Users\vasan\AppData\Local\Programs\Python\Python39\lib\site-packages\pandas\core\indexes\base.py", line 3805, in get_loc
    return self._engine.get_loc(casted_key)
  File "index.pyx", line 167, in pandas._libs.index.IndexEngine.get_loc
  File "index.pyx", line 196, in pandas._libs.index.IndexEngine.get_loc
  File "pandas\\_libs\\hashtable_class_helper.pxi", line 7081, in pandas._libs.hashtable.PyObjectHashTable.get_item
  File "pandas\\_libs\\hashtable_class_helper.pxi", line 7089, in pandas._libs.hashtable.PyObjectHashTable.get_item
KeyError: 'volatility'

The above exception was the direct cause of the following exception:

Traceback (most recent call last):
  File "V:\PlayGround\mt5_trading_bot\main.py", line 72, in main
    df = strategy.calculate_indicators(df)
  File "V:\PlayGround\mt5_trading_bot\services\trade_manager.py", line 20, in manage_positions
    current_vol = last_candle['volatility'] # Rolling val
  File "C:\Users\vasan\AppData\Local\Programs\Python\Python39\lib\site-packages\pandas\core\series.py", line 1121, in __getitem__
    return self._get_value(key)
  File "C:\Users\vasan\AppData\Local\Programs\Python\Python39\lib\site-packages\pandas\core\series.py", line 1237, in _get_value
    loc = self.index.get_loc(label)
  File "C:\Users\vasan\AppData\Local\Programs\Python\Python39\lib\site-packages\pandas\core\indexes\base.py", line 3812, in get_loc
    raise KeyError(key) from err
KeyError: 'volatility'
2025-12-20 19:36:03,729 - Main - ERROR - Unexpected Error: 'volatility'
Traceback (most recent call last):
  File "C:\Users\vasan\AppData\Local\Programs\Python\Python39\lib\site-packages\pandas\core\indexes\base.py", line 3805, in get_loc
    return self._engine.get_loc(casted_key)
  File "index.pyx", line 167, in pandas._libs.index.IndexEngine.get_loc
  File "index.pyx", line 196, in pandas._libs.index.IndexEngine.get_loc
  File "pandas\\_libs\\hashtable_class_helper.pxi", line 7081, in pandas._libs.hashtable.PyObjectHashTable.get_item
  File "pandas\\_libs\\hashtable_class_helper.pxi", line 7089, in pandas._libs.hashtable.PyObjectHashTable.get_item
KeyError: 'volatility'

The above exception was the direct cause of the following exception:

Traceback (most recent call last):
  File "V:\PlayGround\mt5_trading_bot\main.py", line 72, in main
    df = strategy.calculate_indicators(df)
  File "V:\PlayGround\mt5_trading_bot\services\trade_manager.py", line 20, in manage_positions
    current_vol = last_candle['volatility'] # Rolling val
  File "C:\Users\vasan\AppData\Local\Programs\Python\Python39\lib\site-packages\pandas\core\series.py", line 1121, in __getitem__
    return self._get_value(key)
  File "C:\Users\vasan\AppData\Local\Programs\Python\Python39\lib\site-packages\pandas\core\series.py", line 1237, in _get_value
    loc = self.index.get_loc(label)
  File "C:\Users\vasan\AppData\Local\Programs\Python\Python39\lib\site-packages\pandas\core\indexes\base.py", line 3812, in get_loc
    raise KeyError(key) from err
KeyError: 'volatility'
2025-12-20 19:36:08,736 - Main - ERROR - Unexpected Error: 'volatility'
Traceback (most recent call last):
  File "C:\Users\vasan\AppData\Local\Programs\Python\Python39\lib\site-packages\pandas\core\indexes\base.py", line 3805, in get_loc
    return self._engine.get_loc(casted_key)
  File "index.pyx", line 167, in pandas._libs.index.IndexEngine.get_loc
  File "index.pyx", line 196, in pandas._libs.index.IndexEngine.get_loc
  File "pandas\\_libs\\hashtable_class_helper.pxi", line 7081, in pandas._libs.hashtable.PyObjectHashTable.get_item
  File "pandas\\_libs\\hashtable_class_helper.pxi", line 7089, in pandas._libs.hashtable.PyObjectHashTable.get_item
KeyError: 'volatility'

The above exception was the direct cause of the following exception:

Traceback (most recent call last):
  File "V:\PlayGround\mt5_trading_bot\main.py", line 72, in main
    df = strategy.calculate_indicators(df)
  File "V:\PlayGround\mt5_trading_bot\services\trade_manager.py", line 20, in manage_positions
    current_vol = last_candle['volatility'] # Rolling val
  File "C:\Users\vasan\AppData\Local\Programs\Python\Python39\lib\site-packages\pandas\core\series.py", line 1121, in __getitem__
    return self._get_value(key)
  File "C:\Users\vasan\AppData\Local\Programs\Python\Python39\lib\site-packages\pandas\core\series.py", line 1237, in _get_value
    loc = self.index.get_loc(label)
  File "C:\Users\vasan\AppData\Local\Programs\Python\Python39\lib\site-packages\pandas\core\indexes\base.py", line 3812, in get_loc
    raise KeyError(key) from err
KeyError: 'volatility'
2025-12-20 19:36:13,752 - Main - ERROR - Unexpected Error: 'volatility'
Traceback (most recent call last):
  File "C:\Users\vasan\AppData\Local\Programs\Python\Python39\lib\site-packages\pandas\core\indexes\base.py", line 3805, in get_loc
    return self._engine.get_loc(casted_key)
  File "index.pyx", line 167, in pandas._libs.index.IndexEngine.get_loc
  File "index.pyx", line 196, in pandas._libs.index.IndexEngine.get_loc
  File "pandas\\_libs\\hashtable_class_helper.pxi", line 7081, in pandas._libs.hashtable.PyObjectHashTable.get_item
  File "pandas\\_libs\\hashtable_class_helper.pxi", line 7089, in pandas._libs.hashtable.PyObjectHashTable.get_item
KeyError: 'volatility'

The above exception was the direct cause of the following exception:

Traceback (most recent call last):
  File "V:\PlayGround\mt5_trading_bot\main.py", line 72, in main
    df = strategy.calculate_indicators(df)
  File "V:\PlayGround\mt5_trading_bot\services\trade_manager.py", line 20, in manage_positions
    current_vol = last_candle['volatility'] # Rolling val
  File "C:\Users\vasan\AppData\Local\Programs\Python\Python39\lib\site-packages\pandas\core\series.py", line 1121, in __getitem__
    return self._get_value(key)
  File "C:\Users\vasan\AppData\Local\Programs\Python\Python39\lib\site-packages\pandas\core\series.py", line 1237, in _get_value
    loc = self.index.get_loc(label)
  File "C:\Users\vasan\AppData\Local\Programs\Python\Python39\lib\site-packages\pandas\core\indexes\base.py", line 3812, in get_loc
    raise KeyError(key) from err
KeyError: 'volatility'
2025-12-20 19:36:18,770 - Main - ERROR - Unexpected Error: 'volatility'
Traceback (most recent call last):
  File "C:\Users\vasan\AppData\Local\Programs\Python\Python39\lib\site-packages\pandas\core\indexes\base.py", line 3805, in get_loc
    return self._engine.get_loc(casted_key)
  File "index.pyx", line 167, in pandas._libs.index.IndexEngine.get_loc
  File "index.pyx", line 196, in pandas._libs.index.IndexEngine.get_loc
  File "pandas\\_libs\\hashtable_class_helper.pxi", line 7081, in pandas._libs.hashtable.PyObjectHashTable.get_item
  File "pandas\\_libs\\hashtable_class_helper.pxi", line 7089, in pandas._libs.hashtable.PyObjectHashTable.get_item
KeyError: 'volatility'

The above exception was the direct cause of the following exception:

Traceback (most recent call last):
  File "V:\PlayGround\mt5_trading_bot\main.py", line 72, in main
    df = strategy.calculate_indicators(df)
  File "V:\PlayGround\mt5_trading_bot\services\trade_manager.py", line 20, in manage_positions
    current_vol = last_candle['volatility'] # Rolling val
  File "C:\Users\vasan\AppData\Local\Programs\Python\Python39\lib\site-packages\pandas\core\series.py", line 1121, in __getitem__
    return self._get_value(key)
  File "C:\Users\vasan\AppData\Local\Programs\Python\Python39\lib\site-packages\pandas\core\series.py", line 1237, in _get_value
    loc = self.index.get_loc(label)
  File "C:\Users\vasan\AppData\Local\Programs\Python\Python39\lib\site-packages\pandas\core\indexes\base.py", line 3812, in get_loc
    raise KeyError(key) from err
KeyError: 'volatility'
2025-12-20 19:36:23,780 - Main - ERROR - Unexpected Error: 'volatility'
Traceback (most recent call last):
  File "C:\Users\vasan\AppData\Local\Programs\Python\Python39\lib\site-packages\pandas\core\indexes\base.py", line 3805, in get_loc
    return self._engine.get_loc(casted_key)
  File "index.pyx", line 167, in pandas._libs.index.IndexEngine.get_loc
  File "index.pyx", line 196, in pandas._libs.index.IndexEngine.get_loc
  File "pandas\\_libs\\hashtable_class_helper.pxi", line 7081, in pandas._libs.hashtable.PyObjectHashTable.get_item
  File "pandas\\_libs\\hashtable_class_helper.pxi", line 7089, in pandas._libs.hashtable.PyObjectHashTable.get_item
KeyError: 'volatility'

The above exception was the direct cause of the following exception:

Traceback (most recent call last):
  File "V:\PlayGround\mt5_trading_bot\main.py", line 72, in main
    df = strategy.calculate_indicators(df)
  File "V:\PlayGround\mt5_trading_bot\services\trade_manager.py", line 20, in manage_positions
    current_vol = last_candle['volatility'] # Rolling val
  File "C:\Users\vasan\AppData\Local\Programs\Python\Python39\lib\site-packages\pandas\core\series.py", line 1121, in __getitem__
    return self._get_value(key)
  File "C:\Users\vasan\AppData\Local\Programs\Python\Python39\lib\site-packages\pandas\core\series.py", line 1237, in _get_value
    loc = self.index.get_loc(label)
  File "C:\Users\vasan\AppData\Local\Programs\Python\Python39\lib\site-packages\pandas\core\indexes\base.py", line 3812, in get_loc
    raise KeyError(key) from err
KeyError: 'volatility'
2025-12-20 19:36:28,798 - Main - ERROR - Unexpected Error: 'volatility'
Traceback (most recent call last):
  File "C:\Users\vasan\AppData\Local\Programs\Python\Python39\lib\site-packages\pandas\core\indexes\base.py", line 3805, in get_loc
    return self._engine.get_loc(casted_key)
  File "index.pyx", line 167, in pandas._libs.index.IndexEngine.get_loc
  File "index.pyx", line 196, in pandas._libs.index.IndexEngine.get_loc
  File "pandas\\_libs\\hashtable_class_helper.pxi", line 7081, in pandas._libs.hashtable.PyObjectHashTable.get_item
  File "pandas\\_libs\\hashtable_class_helper.pxi", line 7089, in pandas._libs.hashtable.PyObjectHashTable.get_item
KeyError: 'volatility'

The above exception was the direct cause of the following exception:

Traceback (most recent call last):
  File "V:\PlayGround\mt5_trading_bot\main.py", line 72, in main
    df = strategy.calculate_indicators(df)
  File "V:\PlayGround\mt5_trading_bot\services\trade_manager.py", line 20, in manage_positions
    current_vol = last_candle['volatility'] # Rolling val
  File "C:\Users\vasan\AppData\Local\Programs\Python\Python39\lib\site-packages\pandas\core\series.py", line 1121, in __getitem__
    return self._get_value(key)
  File "C:\Users\vasan\AppData\Local\Programs\Python\Python39\lib\site-packages\pandas\core\series.py", line 1237, in _get_value
    loc = self.index.get_loc(label)
  File "C:\Users\vasan\AppData\Local\Programs\Python\Python39\lib\site-packages\pandas\core\indexes\base.py", line 3812, in get_loc
    raise KeyError(key) from err
KeyError: 'volatility'
2025-12-20 19:36:33,807 - Main - ERROR - Unexpected Error: 'volatility'
Traceback (most recent call last):
  File "C:\Users\vasan\AppData\Local\Programs\Python\Python39\lib\site-packages\pandas\core\indexes\base.py", line 3805, in get_loc
    return self._engine.get_loc(casted_key)
  File "index.pyx", line 167, in pandas._libs.index.IndexEngine.get_loc
  File "index.pyx", line 196, in pandas._libs.index.IndexEngine.get_loc
  File "pandas\\_libs\\hashtable_class_helper.pxi", line 7081, in pandas._libs.hashtable.PyObjectHashTable.get_item
  File "pandas\\_libs\\hashtable_class_helper.pxi", line 7089, in pandas._libs.hashtable.PyObjectHashTable.get_item
KeyError: 'volatility'

The above exception was the direct cause of the following exception:

Traceback (most recent call last):
  File "V:\PlayGround\mt5_trading_bot\main.py", line 72, in main
    df = strategy.calculate_indicators(df)
  File "V:\PlayGround\mt5_trading_bot\services\trade_manager.py", line 20, in manage_positions
    current_vol = last_candle['volatility'] # Rolling val
  File "C:\Users\vasan\AppData\Local\Programs\Python\Python39\lib\site-packages\pandas\core\series.py", line 1121, in __getitem__
    return self._get_value(key)
  File "C:\Users\vasan\AppData\Local\Programs\Python\Python39\lib\site-packages\pandas\core\series.py", line 1237, in _get_value
    loc = self.index.get_loc(label)
  File "C:\Users\vasan\AppData\Local\Programs\Python\Python39\lib\site-packages\pandas\core\indexes\base.py", line 3812, in get_loc
    raise KeyError(key) from err
KeyError: 'volatility'
2025-12-20 19:36:38,820 - Main - ERROR - Unexpected Error: 'volatility'
Traceback (most recent call last):
  File "C:\Users\vasan\AppData\Local\Programs\Python\Python39\lib\site-packages\pandas\core\indexes\base.py", line 3805, in get_loc
    return self._engine.get_loc(casted_key)
  File "index.pyx", line 167, in pandas._libs.index.IndexEngine.get_loc
  File "index.pyx", line 196, in pandas._libs.index.IndexEngine.get_loc
  File "pandas\\_libs\\hashtable_class_helper.pxi", line 7081, in pandas._libs.hashtable.PyObjectHashTable.get_item
  File "pandas\\_libs\\hashtable_class_helper.pxi", line 7089, in pandas._libs.hashtable.PyObjectHashTable.get_item
KeyError: 'volatility'

The above exception was the direct cause of the following exception:

Traceback (most recent call last):
  File "V:\PlayGround\mt5_trading_bot\main.py", line 72, in main
    df = strategy.calculate_indicators(df)
  File "V:\PlayGround\mt5_trading_bot\services\trade_manager.py", line 20, in manage_positions
    current_vol = last_candle['volatility'] # Rolling val
  File "C:\Users\vasan\AppData\Local\Programs\Python\Python39\lib\site-packages\pandas\core\series.py", line 1121, in __getitem__
    return self._get_value(key)
  File "C:\Users\vasan\AppData\Local\Programs\Python\Python39\lib\site-packages\pandas\core\series.py", line 1237, in _get_value
    loc = self.index.get_loc(label)
  File "C:\Users\vasan\AppData\Local\Programs\Python\Python39\lib\site-packages\pandas\core\indexes\base.py", line 3812, in get_loc
    raise KeyError(key) from err
KeyError: 'volatility'
2025-12-20 19:36:43,836 - Main - ERROR - Unexpected Error: 'volatility'
Traceback (most recent call last):
  File "C:\Users\vasan\AppData\Local\Programs\Python\Python39\lib\site-packages\pandas\core\indexes\base.py", line 3805, in get_loc
    return self._engine.get_loc(casted_key)
  File "index.pyx", line 167, in pandas._libs.index.IndexEngine.get_loc
  File "index.pyx", line 196, in pandas._libs.index.IndexEngine.get_loc
  File "pandas\\_libs\\hashtable_class_helper.pxi", line 7081, in pandas._libs.hashtable.PyObjectHashTable.get_item
  File "pandas\\_libs\\hashtable_class_helper.pxi", line 7089, in pandas._libs.hashtable.PyObjectHashTable.get_item
KeyError: 'volatility'

The above exception was the direct cause of the following exception:

Traceback (most recent call last):
  File "V:\PlayGround\mt5_trading_bot\main.py", line 72, in main
    df = strategy.calculate_indicators(df)
  File "V:\PlayGround\mt5_trading_bot\services\trade_manager.py", line 20, in manage_positions
    current_vol = last_candle['volatility'] # Rolling val
  File "C:\Users\vasan\AppData\Local\Programs\Python\Python39\lib\site-packages\pandas\core\series.py", line 1121, in __getitem__
    return self._get_value(key)
  File "C:\Users\vasan\AppData\Local\Programs\Python\Python39\lib\site-packages\pandas\core\series.py", line 1237, in _get_value
    loc = self.index.get_loc(label)
  File "C:\Users\vasan\AppData\Local\Programs\Python\Python39\lib\site-packages\pandas\core\indexes\base.py", line 3812, in get_loc
    raise KeyError(key) from err
KeyError: 'volatility'
2025-12-20 19:36:48,851 - Main - ERROR - Unexpected Error: 'volatility'
Traceback (most recent call last):
  File "C:\Users\vasan\AppData\Local\Programs\Python\Python39\lib\site-packages\pandas\core\indexes\base.py", line 3805, in get_loc
    return self._engine.get_loc(casted_key)
  File "index.pyx", line 167, in pandas._libs.index.IndexEngine.get_loc
  File "index.pyx", line 196, in pandas._libs.index.IndexEngine.get_loc
  File "pandas\\_libs\\hashtable_class_helper.pxi", line 7081, in pandas._libs.hashtable.PyObjectHashTable.get_item
  File "pandas\\_libs\\hashtable_class_helper.pxi", line 7089, in pandas._libs.hashtable.PyObjectHashTable.get_item
KeyError: 'volatility'

The above exception was the direct cause of the following exception:

Traceback (most recent call last):
  File "V:\PlayGround\mt5_trading_bot\main.py", line 72, in main
    df = strategy.calculate_indicators(df)
  File "V:\PlayGround\mt5_trading_bot\services\trade_manager.py", line 20, in manage_positions
    current_vol = last_candle['volatility'] # Rolling val
  File "C:\Users\vasan\AppData\Local\Programs\Python\Python39\lib\site-packages\pandas\core\series.py", line 1121, in __getitem__
    return self._get_value(key)
  File "C:\Users\vasan\AppData\Local\Programs\Python\Python39\lib\site-packages\pandas\core\series.py", line 1237, in _get_value
    loc = self.index.get_loc(label)
  File "C:\Users\vasan\AppData\Local\Programs\Python\Python39\lib\site-packages\pandas\core\indexes\base.py", line 3812, in get_loc
    raise KeyError(key) from err
KeyError: 'volatility'
2025-12-20 19:36:53,858 - Main - ERROR - Unexpected Error: 'volatility'
Traceback (most recent call last):
  File "C:\Users\vasan\AppData\Local\Programs\Python\Python39\lib\site-packages\pandas\core\indexes\base.py", line 3805, in get_loc
    return self._engine.get_loc(casted_key)
  File "index.pyx", line 167, in pandas._libs.index.IndexEngine.get_loc
  File "index.pyx", line 196, in pandas._libs.index.IndexEngine.get_loc
  File "pandas\\_libs\\hashtable_class_helper.pxi", line 7081, in pandas._libs.hashtable.PyObjectHashTable.get_item
  File "pandas\\_libs\\hashtable_class_helper.pxi", line 7089, in pandas._libs.hashtable.PyObjectHashTable.get_item
KeyError: 'volatility'

The above exception was the direct cause of the following exception:

Traceback (most recent call last):
  File "V:\PlayGround\mt5_trading_bot\main.py", line 72, in main
    df = strategy.calculate_indicators(df)
  File "V:\PlayGround\mt5_trading_bot\services\trade_manager.py", line 20, in manage_positions
    current_vol = last_candle['volatility'] # Rolling val
  File "C:\Users\vasan\AppData\Local\Programs\Python\Python39\lib\site-packages\pandas\core\series.py", line 1121, in __getitem__
    return self._get_value(key)
  File "C:\Users\vasan\AppData\Local\Programs\Python\Python39\lib\site-packages\pandas\core\series.py", line 1237, in _get_value
    loc = self.index.get_loc(label)
  File "C:\Users\vasan\AppData\Local\Programs\Python\Python39\lib\site-packages\pandas\core\indexes\base.py", line 3812, in get_loc
    raise KeyError(key) from err
KeyError: 'volatility'
2025-12-20 19:36:58,877 - Main - ERROR - Unexpected Error: 'volatility'
Traceback (most recent call last):
  File "C:\Users\vasan\AppData\Local\Programs\Python\Python39\lib\site-packages\pandas\core\indexes\base.py", line 3805, in get_loc
    return self._engine.get_loc(casted_key)
  File "index.pyx", line 167, in pandas._libs.index.IndexEngine.get_loc
  File "index.pyx", line 196, in pandas._libs.index.IndexEngine.get_loc
  File "pandas\\_libs\\hashtable_class_helper.pxi", line 7081, in pandas._libs.hashtable.PyObjectHashTable.get_item
  File "pandas\\_libs\\hashtable_class_helper.pxi", line 7089, in pandas._libs.hashtable.PyObjectHashTable.get_item
KeyError: 'volatility'

The above exception was the direct cause of the following exception:

Traceback (most recent call last):
  File "V:\PlayGround\mt5_trading_bot\main.py", line 72, in main
    df = strategy.calculate_indicators(df)
  File "V:\PlayGround\mt5_trading_bot\services\trade_manager.py", line 20, in manage_positions
    current_vol = last_candle['volatility'] # Rolling val
  File "C:\Users\vasan\AppData\Local\Programs\Python\Python39\lib\site-packages\pandas\core\series.py", line 1121, in __getitem__
    return self._get_value(key)
  File "C:\Users\vasan\AppData\Local\Programs\Python\Python39\lib\site-packages\pandas\core\series.py", line 1237, in _get_value
    loc = self.index.get_loc(label)
  File "C:\Users\vasan\AppData\Local\Programs\Python\Python39\lib\site-packages\pandas\core\indexes\base.py", line 3812, in get_loc
    raise KeyError(key) from err
KeyError: 'volatility'
2025-12-20 19:37:03,894 - Main - ERROR - Unexpected Error: 'volatility'
Traceback (most recent call last):
  File "C:\Users\vasan\AppData\Local\Programs\Python\Python39\lib\site-packages\pandas\core\indexes\base.py", line 3805, in get_loc
    return self._engine.get_loc(casted_key)
  File "index.pyx", line 167, in pandas._libs.index.IndexEngine.get_loc
  File "index.pyx", line 196, in pandas._libs.index.IndexEngine.get_loc
  File "pandas\\_libs\\hashtable_class_helper.pxi", line 7081, in pandas._libs.hashtable.PyObjectHashTable.get_item
  File "pandas\\_libs\\hashtable_class_helper.pxi", line 7089, in pandas._libs.hashtable.PyObjectHashTable.get_item
KeyError: 'volatility'

The above exception was the direct cause of the following exception:

Traceback (most recent call last):
  File "V:\PlayGround\mt5_trading_bot\main.py", line 72, in main
    df = strategy.calculate_indicators(df)
  File "V:\PlayGround\mt5_trading_bot\services\trade_manager.py", line 20, in manage_positions
    current_vol = last_candle['volatility'] # Rolling val
  File "C:\Users\vasan\AppData\Local\Programs\Python\Python39\lib\site-packages\pandas\core\series.py", line 1121, in __getitem__
    return self._get_value(key)
  File "C:\Users\vasan\AppData\Local\Programs\Python\Python39\lib\site-packages\pandas\core\series.py", line 1237, in _get_value
    loc = self.index.get_loc(label)
  File "C:\Users\vasan\AppData\Local\Programs\Python\Python39\lib\site-packages\pandas\core\indexes\base.py", line 3812, in get_loc
    raise KeyError(key) from err
KeyError: 'volatility'
2025-12-20 19:37:08,910 - Main - ERROR - Unexpected Error: 'volatility'
Traceback (most recent call last):
  File "C:\Users\vasan\AppData\Local\Programs\Python\Python39\lib\site-packages\pandas\core\indexes\base.py", line 3805, in get_loc
    return self._engine.get_loc(casted_key)
  File "index.pyx", line 167, in pandas._libs.index.IndexEngine.get_loc
  File "index.pyx", line 196, in pandas._libs.index.IndexEngine.get_loc
  File "pandas\\_libs\\hashtable_class_helper.pxi", line 7081, in pandas._libs.hashtable.PyObjectHashTable.get_item
  File "pandas\\_libs\\hashtable_class_helper.pxi", line 7089, in pandas._libs.hashtable.PyObjectHashTable.get_item
KeyError: 'volatility'

The above exception was the direct cause of the following exception:

Traceback (most recent call last):
  File "V:\PlayGround\mt5_trading_bot\main.py", line 72, in main
    df = strategy.calculate_indicators(df)
  File "V:\PlayGround\mt5_trading_bot\services\trade_manager.py", line 20, in manage_positions
    current_vol = last_candle['volatility'] # Rolling val
  File "C:\Users\vasan\AppData\Local\Programs\Python\Python39\lib\site-packages\pandas\core\series.py", line 1121, in __getitem__
    return self._get_value(key)
  File "C:\Users\vasan\AppData\Local\Programs\Python\Python39\lib\site-packages\pandas\core\series.py", line 1237, in _get_value
    loc = self.index.get_loc(label)
  File "C:\Users\vasan\AppData\Local\Programs\Python\Python39\lib\site-packages\pandas\core\indexes\base.py", line 3812, in get_loc
    raise KeyError(key) from err
KeyError: 'volatility'
2025-12-20 19:37:13,929 - Main - ERROR - Unexpected Error: 'volatility'
Traceback (most recent call last):
  File "C:\Users\vasan\AppData\Local\Programs\Python\Python39\lib\site-packages\pandas\core\indexes\base.py", line 3805, in get_loc
    return self._engine.get_loc(casted_key)
  File "index.pyx", line 167, in pandas._libs.index.IndexEngine.get_loc
  File "index.pyx", line 196, in pandas._libs.index.IndexEngine.get_loc
  File "pandas\\_libs\\hashtable_class_helper.pxi", line 7081, in pandas._libs.hashtable.PyObjectHashTable.get_item
  File "pandas\\_libs\\hashtable_class_helper.pxi", line 7089, in pandas._libs.hashtable.PyObjectHashTable.get_item
KeyError: 'volatility'

The above exception was the direct cause of the following exception:

Traceback (most recent call last):
  File "V:\PlayGround\mt5_trading_bot\main.py", line 72, in main
    df = strategy.calculate_indicators(df)
  File "V:\PlayGround\mt5_trading_bot\services\trade_manager.py", line 20, in manage_positions
    current_vol = last_candle['volatility'] # Rolling val
  File "C:\Users\vasan\AppData\Local\Programs\Python\Python39\lib\site-packages\pandas\core\series.py", line 1121, in __getitem__
    return self._get_value(key)
  File "C:\Users\vasan\AppData\Local\Programs\Python\Python39\lib\site-packages\pandas\core\series.py", line 1237, in _get_value
    loc = self.index.get_loc(label)
  File "C:\Users\vasan\AppData\Local\Programs\Python\Python39\lib\site-packages\pandas\core\indexes\base.py", line 3812, in get_loc
    raise KeyError(key) from err
KeyError: 'volatility'
2025-12-20 19:37:18,950 - Main - ERROR - Unexpected Error: 'volatility'
Traceback (most recent call last):
  File "C:\Users\vasan\AppData\Local\Programs\Python\Python39\lib\site-packages\pandas\core\indexes\base.py", line 3805, in get_loc
    return self._engine.get_loc(casted_key)
  File "index.pyx", line 167, in pandas._libs.index.IndexEngine.get_loc
  File "index.pyx", line 196, in pandas._libs.index.IndexEngine.get_loc
  File "pandas\\_libs\\hashtable_class_helper.pxi", line 7081, in pandas._libs.hashtable.PyObjectHashTable.get_item
  File "pandas\\_libs\\hashtable_class_helper.pxi", line 7089, in pandas._libs.hashtable.PyObjectHashTable.get_item
KeyError: 'volatility'

The above exception was the direct cause of the following exception:

Traceback (most recent call last):
  File "V:\PlayGround\mt5_trading_bot\main.py", line 72, in main
    df = strategy.calculate_indicators(df)
  File "V:\PlayGround\mt5_trading_bot\services\trade_manager.py", line 20, in manage_positions
    current_vol = last_candle['volatility'] # Rolling val
  File "C:\Users\vasan\AppData\Local\Programs\Python\Python39\lib\site-packages\pandas\core\series.py", line 1121, in __getitem__
    return self._get_value(key)
  File "C:\Users\vasan\AppData\Local\Programs\Python\Python39\lib\site-packages\pandas\core\series.py", line 1237, in _get_value
    loc = self.index.get_loc(label)
  File "C:\Users\vasan\AppData\Local\Programs\Python\Python39\lib\site-packages\pandas\core\indexes\base.py", line 3812, in get_loc
    raise KeyError(key) from err
KeyError: 'volatility'
2025-12-20 19:37:23,959 - Main - ERROR - Unexpected Error: 'volatility'
Traceback (most recent call last):
  File "C:\Users\vasan\AppData\Local\Programs\Python\Python39\lib\site-packages\pandas\core\indexes\base.py", line 3805, in get_loc
    return self._engine.get_loc(casted_key)
  File "index.pyx", line 167, in pandas._libs.index.IndexEngine.get_loc
  File "index.pyx", line 196, in pandas._libs.index.IndexEngine.get_loc
  File "pandas\\_libs\\hashtable_class_helper.pxi", line 7081, in pandas._libs.hashtable.PyObjectHashTable.get_item
  File "pandas\\_libs\\hashtable_class_helper.pxi", line 7089, in pandas._libs.hashtable.PyObjectHashTable.get_item
KeyError: 'volatility'

The above exception was the direct cause of the following exception:

Traceback (most recent call last):
  File "V:\PlayGround\mt5_trading_bot\main.py", line 72, in main
    df = strategy.calculate_indicators(df)
  File "V:\PlayGround\mt5_trading_bot\services\trade_manager.py", line 20, in manage_positions
    current_vol = last_candle['volatility'] # Rolling val
  File "C:\Users\vasan\AppData\Local\Programs\Python\Python39\lib\site-packages\pandas\core\series.py", line 1121, in __getitem__
    return self._get_value(key)
  File "C:\Users\vasan\AppData\Local\Programs\Python\Python39\lib\site-packages\pandas\core\series.py", line 1237, in _get_value
    loc = self.index.get_loc(label)
  File "C:\Users\vasan\AppData\Local\Programs\Python\Python39\lib\site-packages\pandas\core\indexes\base.py", line 3812, in get_loc
    raise KeyError(key) from err
KeyError: 'volatility'
2025-12-20 19:37:28,964 - Main - ERROR - Unexpected Error: 'volatility'
Traceback (most recent call last):
  File "C:\Users\vasan\AppData\Local\Programs\Python\Python39\lib\site-packages\pandas\core\indexes\base.py", line 3805, in get_loc
    return self._engine.get_loc(casted_key)
  File "index.pyx", line 167, in pandas._libs.index.IndexEngine.get_loc
  File "index.pyx", line 196, in pandas._libs.index.IndexEngine.get_loc
  File "pandas\\_libs\\hashtable_class_helper.pxi", line 7081, in pandas._libs.hashtable.PyObjectHashTable.get_item
  File "pandas\\_libs\\hashtable_class_helper.pxi", line 7089, in pandas._libs.hashtable.PyObjectHashTable.get_item
KeyError: 'volatility'

The above exception was the direct cause of the following exception:

Traceback (most recent call last):
  File "V:\PlayGround\mt5_trading_bot\main.py", line 72, in main
    df = strategy.calculate_indicators(df)
  File "V:\PlayGround\mt5_trading_bot\services\trade_manager.py", line 20, in manage_positions
    current_vol = last_candle['volatility'] # Rolling val
  File "C:\Users\vasan\AppData\Local\Programs\Python\Python39\lib\site-packages\pandas\core\series.py", line 1121, in __getitem__
    return self._get_value(key)
  File "C:\Users\vasan\AppData\Local\Programs\Python\Python39\lib\site-packages\pandas\core\series.py", line 1237, in _get_value
    loc = self.index.get_loc(label)
  File "C:\Users\vasan\AppData\Local\Programs\Python\Python39\lib\site-packages\pandas\core\indexes\base.py", line 3812, in get_loc
    raise KeyError(key) from err
KeyError: 'volatility'
2025-12-20 19:37:33,986 - Main - ERROR - Unexpected Error: 'volatility'
Traceback (most recent call last):
  File "C:\Users\vasan\AppData\Local\Programs\Python\Python39\lib\site-packages\pandas\core\indexes\base.py", line 3805, in get_loc
    return self._engine.get_loc(casted_key)
  File "index.pyx", line 167, in pandas._libs.index.IndexEngine.get_loc
  File "index.pyx", line 196, in pandas._libs.index.IndexEngine.get_loc
  File "pandas\\_libs\\hashtable_class_helper.pxi", line 7081, in pandas._libs.hashtable.PyObjectHashTable.get_item
  File "pandas\\_libs\\hashtable_class_helper.pxi", line 7089, in pandas._libs.hashtable.PyObjectHashTable.get_item
KeyError: 'volatility'

The above exception was the direct cause of the following exception:

Traceback (most recent call last):
  File "V:\PlayGround\mt5_trading_bot\main.py", line 72, in main
    df = strategy.calculate_indicators(df)
  File "V:\PlayGround\mt5_trading_bot\services\trade_manager.py", line 20, in manage_positions
    current_vol = last_candle['volatility'] # Rolling val
  File "C:\Users\vasan\AppData\Local\Programs\Python\Python39\lib\site-packages\pandas\core\series.py", line 1121, in __getitem__
    return self._get_value(key)
  File "C:\Users\vasan\AppData\Local\Programs\Python\Python39\lib\site-packages\pandas\core\series.py", line 1237, in _get_value
    loc = self.index.get_loc(label)
  File "C:\Users\vasan\AppData\Local\Programs\Python\Python39\lib\site-packages\pandas\core\indexes\base.py", line 3812, in get_loc
    raise KeyError(key) from err
KeyError: 'volatility'
2025-12-20 19:37:38,995 - Main - ERROR - Unexpected Error: 'volatility'
Traceback (most recent call last):
  File "C:\Users\vasan\AppData\Local\Programs\Python\Python39\lib\site-packages\pandas\core\indexes\base.py", line 3805, in get_loc
    return self._engine.get_loc(casted_key)
  File "index.pyx", line 167, in pandas._libs.index.IndexEngine.get_loc
  File "index.pyx", line 196, in pandas._libs.index.IndexEngine.get_loc
  File "pandas\\_libs\\hashtable_class_helper.pxi", line 7081, in pandas._libs.hashtable.PyObjectHashTable.get_item
  File "pandas\\_libs\\hashtable_class_helper.pxi", line 7089, in pandas._libs.hashtable.PyObjectHashTable.get_item
KeyError: 'volatility'

The above exception was the direct cause of the following exception:

Traceback (most recent call last):
  File "V:\PlayGround\mt5_trading_bot\main.py", line 72, in main
    df = strategy.calculate_indicators(df)
  File "V:\PlayGround\mt5_trading_bot\services\trade_manager.py", line 20, in manage_positions
    current_vol = last_candle['volatility'] # Rolling val
  File "C:\Users\vasan\AppData\Local\Programs\Python\Python39\lib\site-packages\pandas\core\series.py", line 1121, in __getitem__
    return self._get_value(key)
  File "C:\Users\vasan\AppData\Local\Programs\Python\Python39\lib\site-packages\pandas\core\series.py", line 1237, in _get_value
    loc = self.index.get_loc(label)
  File "C:\Users\vasan\AppData\Local\Programs\Python\Python39\lib\site-packages\pandas\core\indexes\base.py", line 3812, in get_loc
    raise KeyError(key) from err
KeyError: 'volatility'
2025-12-20 19:37:44,009 - Main - ERROR - Unexpected Error: 'volatility'
Traceback (most recent call last):
  File "C:\Users\vasan\AppData\Local\Programs\Python\Python39\lib\site-packages\pandas\core\indexes\base.py", line 3805, in get_loc
    return self._engine.get_loc(casted_key)
  File "index.pyx", line 167, in pandas._libs.index.IndexEngine.get_loc
  File "index.pyx", line 196, in pandas._libs.index.IndexEngine.get_loc
  File "pandas\\_libs\\hashtable_class_helper.pxi", line 7081, in pandas._libs.hashtable.PyObjectHashTable.get_item
  File "pandas\\_libs\\hashtable_class_helper.pxi", line 7089, in pandas._libs.hashtable.PyObjectHashTable.get_item
KeyError: 'volatility'

The above exception was the direct cause of the following exception:

Traceback (most recent call last):
  File "V:\PlayGround\mt5_trading_bot\main.py", line 72, in main
    df = strategy.calculate_indicators(df)
  File "V:\PlayGround\mt5_trading_bot\services\trade_manager.py", line 20, in manage_positions
    current_vol = last_candle['volatility'] # Rolling val
  File "C:\Users\vasan\AppData\Local\Programs\Python\Python39\lib\site-packages\pandas\core\series.py", line 1121, in __getitem__
    return self._get_value(key)
  File "C:\Users\vasan\AppData\Local\Programs\Python\Python39\lib\site-packages\pandas\core\series.py", line 1237, in _get_value
    loc = self.index.get_loc(label)
  File "C:\Users\vasan\AppData\Local\Programs\Python\Python39\lib\site-packages\pandas\core\indexes\base.py", line 3812, in get_loc
    raise KeyError(key) from err
KeyError: 'volatility'
2025-12-20 19:37:49,020 - Main - ERROR - Unexpected Error: 'volatility'
Traceback (most recent call last):
  File "C:\Users\vasan\AppData\Local\Programs\Python\Python39\lib\site-packages\pandas\core\indexes\base.py", line 3805, in get_loc
    return self._engine.get_loc(casted_key)
  File "index.pyx", line 167, in pandas._libs.index.IndexEngine.get_loc
  File "index.pyx", line 196, in pandas._libs.index.IndexEngine.get_loc
  File "pandas\\_libs\\hashtable_class_helper.pxi", line 7081, in pandas._libs.hashtable.PyObjectHashTable.get_item
  File "pandas\\_libs\\hashtable_class_helper.pxi", line 7089, in pandas._libs.hashtable.PyObjectHashTable.get_item
KeyError: 'volatility'

The above exception was the direct cause of the following exception:

Traceback (most recent call last):
  File "V:\PlayGround\mt5_trading_bot\main.py", line 72, in main
    df = strategy.calculate_indicators(df)
  File "V:\PlayGround\mt5_trading_bot\services\trade_manager.py", line 20, in manage_positions
    current_vol = last_candle['volatility'] # Rolling val
  File "C:\Users\vasan\AppData\Local\Programs\Python\Python39\lib\site-packages\pandas\core\series.py", line 1121, in __getitem__
    return self._get_value(key)
  File "C:\Users\vasan\AppData\Local\Programs\Python\Python39\lib\site-packages\pandas\core\series.py", line 1237, in _get_value
    loc = self.index.get_loc(label)
  File "C:\Users\vasan\AppData\Local\Programs\Python\Python39\lib\site-packages\pandas\core\indexes\base.py", line 3812, in get_loc
    raise KeyError(key) from err
KeyError: 'volatility'
2025-12-20 19:37:54,028 - Main - ERROR - Unexpected Error: 'volatility'
Traceback (most recent call last):
  File "C:\Users\vasan\AppData\Local\Programs\Python\Python39\lib\site-packages\pandas\core\indexes\base.py", line 3805, in get_loc
    return self._engine.get_loc(casted_key)
  File "index.pyx", line 167, in pandas._libs.index.IndexEngine.get_loc
  File "index.pyx", line 196, in pandas._libs.index.IndexEngine.get_loc
  File "pandas\\_libs\\hashtable_class_helper.pxi", line 7081, in pandas._libs.hashtable.PyObjectHashTable.get_item
  File "pandas\\_libs\\hashtable_class_helper.pxi", line 7089, in pandas._libs.hashtable.PyObjectHashTable.get_item
KeyError: 'volatility'

The above exception was the direct cause of the following exception:

Traceback (most recent call last):
  File "V:\PlayGround\mt5_trading_bot\main.py", line 72, in main
    df = strategy.calculate_indicators(df)
  File "V:\PlayGround\mt5_trading_bot\services\trade_manager.py", line 20, in manage_positions
    current_vol = last_candle['volatility'] # Rolling val
  File "C:\Users\vasan\AppData\Local\Programs\Python\Python39\lib\site-packages\pandas\core\series.py", line 1121, in __getitem__
    return self._get_value(key)
  File "C:\Users\vasan\AppData\Local\Programs\Python\Python39\lib\site-packages\pandas\core\series.py", line 1237, in _get_value
    loc = self.index.get_loc(label)
  File "C:\Users\vasan\AppData\Local\Programs\Python\Python39\lib\site-packages\pandas\core\indexes\base.py", line 3812, in get_loc
    raise KeyError(key) from err
KeyError: 'volatility'
2025-12-20 19:37:59,042 - Main - ERROR - Unexpected Error: 'volatility'
Traceback (most recent call last):
  File "C:\Users\vasan\AppData\Local\Programs\Python\Python39\lib\site-packages\pandas\core\indexes\base.py", line 3805, in get_loc
    return self._engine.get_loc(casted_key)
  File "index.pyx", line 167, in pandas._libs.index.IndexEngine.get_loc
  File "index.pyx", line 196, in pandas._libs.index.IndexEngine.get_loc
  File "pandas\\_libs\\hashtable_class_helper.pxi", line 7081, in pandas._libs.hashtable.PyObjectHashTable.get_item
  File "pandas\\_libs\\hashtable_class_helper.pxi", line 7089, in pandas._libs.hashtable.PyObjectHashTable.get_item
KeyError: 'volatility'

The above exception was the direct cause of the following exception:

Traceback (most recent call last):
  File "V:\PlayGround\mt5_trading_bot\main.py", line 72, in main
    df = strategy.calculate_indicators(df)
  File "V:\PlayGround\mt5_trading_bot\services\trade_manager.py", line 20, in manage_positions
    current_vol = last_candle['volatility'] # Rolling val
  File "C:\Users\vasan\AppData\Local\Programs\Python\Python39\lib\site-packages\pandas\core\series.py", line 1121, in __getitem__
    return self._get_value(key)
  File "C:\Users\vasan\AppData\Local\Programs\Python\Python39\lib\site-packages\pandas\core\series.py", line 1237, in _get_value
    loc = self.index.get_loc(label)
  File "C:\Users\vasan\AppData\Local\Programs\Python\Python39\lib\site-packages\pandas\core\indexes\base.py", line 3812, in get_loc
    raise KeyError(key) from err
KeyError: 'volatility'
2025-12-20 19:38:04,054 - Main - ERROR - Unexpected Error: 'volatility'
Traceback (most recent call last):
  File "C:\Users\vasan\AppData\Local\Programs\Python\Python39\lib\site-packages\pandas\core\indexes\base.py", line 3805, in get_loc
    return self._engine.get_loc(casted_key)
  File "index.pyx", line 167, in pandas._libs.index.IndexEngine.get_loc
  File "index.pyx", line 196, in pandas._libs.index.IndexEngine.get_loc
  File "pandas\\_libs\\hashtable_class_helper.pxi", line 7081, in pandas._libs.hashtable.PyObjectHashTable.get_item
  File "pandas\\_libs\\hashtable_class_helper.pxi", line 7089, in pandas._libs.hashtable.PyObjectHashTable.get_item
KeyError: 'volatility'

The above exception was the direct cause of the following exception:

Traceback (most recent call last):
  File "V:\PlayGround\mt5_trading_bot\main.py", line 72, in main
    df = strategy.calculate_indicators(df)
  File "V:\PlayGround\mt5_trading_bot\services\trade_manager.py", line 20, in manage_positions
    current_vol = last_candle['volatility'] # Rolling val
  File "C:\Users\vasan\AppData\Local\Programs\Python\Python39\lib\site-packages\pandas\core\series.py", line 1121, in __getitem__
    return self._get_value(key)
  File "C:\Users\vasan\AppData\Local\Programs\Python\Python39\lib\site-packages\pandas\core\series.py", line 1237, in _get_value
    loc = self.index.get_loc(label)
  File "C:\Users\vasan\AppData\Local\Programs\Python\Python39\lib\site-packages\pandas\core\indexes\base.py", line 3812, in get_loc
    raise KeyError(key) from err
KeyError: 'volatility'
2025-12-20 19:38:09,069 - Main - ERROR - Unexpected Error: 'volatility'
Traceback (most recent call last):
  File "C:\Users\vasan\AppData\Local\Programs\Python\Python39\lib\site-packages\pandas\core\indexes\base.py", line 3805, in get_loc
    return self._engine.get_loc(casted_key)
  File "index.pyx", line 167, in pandas._libs.index.IndexEngine.get_loc
  File "index.pyx", line 196, in pandas._libs.index.IndexEngine.get_loc
  File "pandas\\_libs\\hashtable_class_helper.pxi", line 7081, in pandas._libs.hashtable.PyObjectHashTable.get_item
  File "pandas\\_libs\\hashtable_class_helper.pxi", line 7089, in pandas._libs.hashtable.PyObjectHashTable.get_item
KeyError: 'volatility'

The above exception was the direct cause of the following exception:

Traceback (most recent call last):
  File "V:\PlayGround\mt5_trading_bot\main.py", line 72, in main
    df = strategy.calculate_indicators(df)
  File "V:\PlayGround\mt5_trading_bot\services\trade_manager.py", line 20, in manage_positions
    current_vol = last_candle['volatility'] # Rolling val
  File "C:\Users\vasan\AppData\Local\Programs\Python\Python39\lib\site-packages\pandas\core\series.py", line 1121, in __getitem__
    return self._get_value(key)
  File "C:\Users\vasan\AppData\Local\Programs\Python\Python39\lib\site-packages\pandas\core\series.py", line 1237, in _get_value
    loc = self.index.get_loc(label)
  File "C:\Users\vasan\AppData\Local\Programs\Python\Python39\lib\site-packages\pandas\core\indexes\base.py", line 3812, in get_loc
    raise KeyError(key) from err
KeyError: 'volatility'
2025-12-20 19:38:14,081 - Main - ERROR - Unexpected Error: 'volatility'
Traceback (most recent call last):
  File "C:\Users\vasan\AppData\Local\Programs\Python\Python39\lib\site-packages\pandas\core\indexes\base.py", line 3805, in get_loc
    return self._engine.get_loc(casted_key)
  File "index.pyx", line 167, in pandas._libs.index.IndexEngine.get_loc
  File "index.pyx", line 196, in pandas._libs.index.IndexEngine.get_loc
  File "pandas\\_libs\\hashtable_class_helper.pxi", line 7081, in pandas._libs.hashtable.PyObjectHashTable.get_item
  File "pandas\\_libs\\hashtable_class_helper.pxi", line 7089, in pandas._libs.hashtable.PyObjectHashTable.get_item
KeyError: 'volatility'

The above exception was the direct cause of the following exception:

Traceback (most recent call last):
  File "V:\PlayGround\mt5_trading_bot\main.py", line 72, in main
    df = strategy.calculate_indicators(df)
  File "V:\PlayGround\mt5_trading_bot\services\trade_manager.py", line 20, in manage_positions
    current_vol = last_candle['volatility'] # Rolling val
  File "C:\Users\vasan\AppData\Local\Programs\Python\Python39\lib\site-packages\pandas\core\series.py", line 1121, in __getitem__
    return self._get_value(key)
  File "C:\Users\vasan\AppData\Local\Programs\Python\Python39\lib\site-packages\pandas\core\series.py", line 1237, in _get_value
    loc = self.index.get_loc(label)
  File "C:\Users\vasan\AppData\Local\Programs\Python\Python39\lib\site-packages\pandas\core\indexes\base.py", line 3812, in get_loc
    raise KeyError(key) from err
KeyError: 'volatility'
2025-12-20 19:38:19,090 - Main - ERROR - Unexpected Error: 'volatility'
Traceback (most recent call last):
  File "C:\Users\vasan\AppData\Local\Programs\Python\Python39\lib\site-packages\pandas\core\indexes\base.py", line 3805, in get_loc
    return self._engine.get_loc(casted_key)
  File "index.pyx", line 167, in pandas._libs.index.IndexEngine.get_loc
  File "index.pyx", line 196, in pandas._libs.index.IndexEngine.get_loc
  File "pandas\\_libs\\hashtable_class_helper.pxi", line 7081, in pandas._libs.hashtable.PyObjectHashTable.get_item
  File "pandas\\_libs\\hashtable_class_helper.pxi", line 7089, in pandas._libs.hashtable.PyObjectHashTable.get_item
KeyError: 'volatility'

The above exception was the direct cause of the following exception:

Traceback (most recent call last):
  File "V:\PlayGround\mt5_trading_bot\main.py", line 72, in main
    df = strategy.calculate_indicators(df)
  File "V:\PlayGround\mt5_trading_bot\services\trade_manager.py", line 20, in manage_positions
    current_vol = last_candle['volatility'] # Rolling val
  File "C:\Users\vasan\AppData\Local\Programs\Python\Python39\lib\site-packages\pandas\core\series.py", line 1121, in __getitem__
    return self._get_value(key)
  File "C:\Users\vasan\AppData\Local\Programs\Python\Python39\lib\site-packages\pandas\core\series.py", line 1237, in _get_value
    loc = self.index.get_loc(label)
  File "C:\Users\vasan\AppData\Local\Programs\Python\Python39\lib\site-packages\pandas\core\indexes\base.py", line 3812, in get_loc
    raise KeyError(key) from err
KeyError: 'volatility'
2025-12-20 19:38:24,106 - Main - ERROR - Unexpected Error: 'volatility'
Traceback (most recent call last):
  File "C:\Users\vasan\AppData\Local\Programs\Python\Python39\lib\site-packages\pandas\core\indexes\base.py", line 3805, in get_loc
    return self._engine.get_loc(casted_key)
  File "index.pyx", line 167, in pandas._libs.index.IndexEngine.get_loc
  File "index.pyx", line 196, in pandas._libs.index.IndexEngine.get_loc
  File "pandas\\_libs\\hashtable_class_helper.pxi", line 7081, in pandas._libs.hashtable.PyObjectHashTable.get_item
  File "pandas\\_libs\\hashtable_class_helper.pxi", line 7089, in pandas._libs.hashtable.PyObjectHashTable.get_item
KeyError: 'volatility'

The above exception was the direct cause of the following exception:

Traceback (most recent call last):
  File "V:\PlayGround\mt5_trading_bot\main.py", line 72, in main
    df = strategy.calculate_indicators(df)
  File "V:\PlayGround\mt5_trading_bot\services\trade_manager.py", line 20, in manage_positions
    current_vol = last_candle['volatility'] # Rolling val
  File "C:\Users\vasan\AppData\Local\Programs\Python\Python39\lib\site-packages\pandas\core\series.py", line 1121, in __getitem__
    return self._get_value(key)
  File "C:\Users\vasan\AppData\Local\Programs\Python\Python39\lib\site-packages\pandas\core\series.py", line 1237, in _get_value
    loc = self.index.get_loc(label)
  File "C:\Users\vasan\AppData\Local\Programs\Python\Python39\lib\site-packages\pandas\core\indexes\base.py", line 3812, in get_loc
    raise KeyError(key) from err
KeyError: 'volatility'
2025-12-20 19:38:29,116 - Main - ERROR - Unexpected Error: 'volatility'
Traceback (most recent call last):
  File "C:\Users\vasan\AppData\Local\Programs\Python\Python39\lib\site-packages\pandas\core\indexes\base.py", line 3805, in get_loc
    return self._engine.get_loc(casted_key)
  File "index.pyx", line 167, in pandas._libs.index.IndexEngine.get_loc
  File "index.pyx", line 196, in pandas._libs.index.IndexEngine.get_loc
  File "pandas\\_libs\\hashtable_class_helper.pxi", line 7081, in pandas._libs.hashtable.PyObjectHashTable.get_item
  File "pandas\\_libs\\hashtable_class_helper.pxi", line 7089, in pandas._libs.hashtable.PyObjectHashTable.get_item
KeyError: 'volatility'

The above exception was the direct cause of the following exception:

Traceback (most recent call last):
  File "V:\PlayGround\mt5_trading_bot\main.py", line 72, in main
    df = strategy.calculate_indicators(df)
  File "V:\PlayGround\mt5_trading_bot\services\trade_manager.py", line 20, in manage_positions
    current_vol = last_candle['volatility'] # Rolling val
  File "C:\Users\vasan\AppData\Local\Programs\Python\Python39\lib\site-packages\pandas\core\series.py", line 1121, in __getitem__
    return self._get_value(key)
  File "C:\Users\vasan\AppData\Local\Programs\Python\Python39\lib\site-packages\pandas\core\series.py", line 1237, in _get_value
    loc = self.index.get_loc(label)
  File "C:\Users\vasan\AppData\Local\Programs\Python\Python39\lib\site-packages\pandas\core\indexes\base.py", line 3812, in get_loc
    raise KeyError(key) from err
KeyError: 'volatility'
2025-12-20 19:38:34,124 - Main - ERROR - Unexpected Error: 'volatility'
Traceback (most recent call last):
  File "C:\Users\vasan\AppData\Local\Programs\Python\Python39\lib\site-packages\pandas\core\indexes\base.py", line 3805, in get_loc
    return self._engine.get_loc(casted_key)
  File "index.pyx", line 167, in pandas._libs.index.IndexEngine.get_loc
  File "index.pyx", line 196, in pandas._libs.index.IndexEngine.get_loc
  File "pandas\\_libs\\hashtable_class_helper.pxi", line 7081, in pandas._libs.hashtable.PyObjectHashTable.get_item
  File "pandas\\_libs\\hashtable_class_helper.pxi", line 7089, in pandas._libs.hashtable.PyObjectHashTable.get_item
KeyError: 'volatility'

The above exception was the direct cause of the following exception:

Traceback (most recent call last):
  File "V:\PlayGround\mt5_trading_bot\main.py", line 72, in main
    df = strategy.calculate_indicators(df)
  File "V:\PlayGround\mt5_trading_bot\services\trade_manager.py", line 20, in manage_positions
    current_vol = last_candle['volatility'] # Rolling val
  File "C:\Users\vasan\AppData\Local\Programs\Python\Python39\lib\site-packages\pandas\core\series.py", line 1121, in __getitem__
    return self._get_value(key)
  File "C:\Users\vasan\AppData\Local\Programs\Python\Python39\lib\site-packages\pandas\core\series.py", line 1237, in _get_value
    loc = self.index.get_loc(label)
  File "C:\Users\vasan\AppData\Local\Programs\Python\Python39\lib\site-packages\pandas\core\indexes\base.py", line 3812, in get_loc
    raise KeyError(key) from err
KeyError: 'volatility'
2025-12-20 19:38:39,144 - Main - ERROR - Unexpected Error: 'volatility'
Traceback (most recent call last):
  File "C:\Users\vasan\AppData\Local\Programs\Python\Python39\lib\site-packages\pandas\core\indexes\base.py", line 3805, in get_loc
    return self._engine.get_loc(casted_key)
  File "index.pyx", line 167, in pandas._libs.index.IndexEngine.get_loc
  File "index.pyx", line 196, in pandas._libs.index.IndexEngine.get_loc
  File "pandas\\_libs\\hashtable_class_helper.pxi", line 7081, in pandas._libs.hashtable.PyObjectHashTable.get_item
  File "pandas\\_libs\\hashtable_class_helper.pxi", line 7089, in pandas._libs.hashtable.PyObjectHashTable.get_item
KeyError: 'volatility'

The above exception was the direct cause of the following exception:

Traceback (most recent call last):
  File "V:\PlayGround\mt5_trading_bot\main.py", line 72, in main
    df = strategy.calculate_indicators(df)
  File "V:\PlayGround\mt5_trading_bot\services\trade_manager.py", line 20, in manage_positions
    current_vol = last_candle['volatility'] # Rolling val
  File "C:\Users\vasan\AppData\Local\Programs\Python\Python39\lib\site-packages\pandas\core\series.py", line 1121, in __getitem__
    return self._get_value(key)
  File "C:\Users\vasan\AppData\Local\Programs\Python\Python39\lib\site-packages\pandas\core\series.py", line 1237, in _get_value
    loc = self.index.get_loc(label)
  File "C:\Users\vasan\AppData\Local\Programs\Python\Python39\lib\site-packages\pandas\core\indexes\base.py", line 3812, in get_loc
    raise KeyError(key) from err
KeyError: 'volatility'
2025-12-20 19:38:44,155 - Main - ERROR - Unexpected Error: 'volatility'
Traceback (most recent call last):
  File "C:\Users\vasan\AppData\Local\Programs\Python\Python39\lib\site-packages\pandas\core\indexes\base.py", line 3805, in get_loc
    return self._engine.get_loc(casted_key)
  File "index.pyx", line 167, in pandas._libs.index.IndexEngine.get_loc
  File "index.pyx", line 196, in pandas._libs.index.IndexEngine.get_loc
  File "pandas\\_libs\\hashtable_class_helper.pxi", line 7081, in pandas._libs.hashtable.PyObjectHashTable.get_item
  File "pandas\\_libs\\hashtable_class_helper.pxi", line 7089, in pandas._libs.hashtable.PyObjectHashTable.get_item
KeyError: 'volatility'

The above exception was the direct cause of the following exception:

Traceback (most recent call last):
  File "V:\PlayGround\mt5_trading_bot\main.py", line 72, in main
    df = strategy.calculate_indicators(df)
  File "V:\PlayGround\mt5_trading_bot\services\trade_manager.py", line 20, in manage_positions
    current_vol = last_candle['volatility'] # Rolling val
  File "C:\Users\vasan\AppData\Local\Programs\Python\Python39\lib\site-packages\pandas\core\series.py", line 1121, in __getitem__
    return self._get_value(key)
  File "C:\Users\vasan\AppData\Local\Programs\Python\Python39\lib\site-packages\pandas\core\series.py", line 1237, in _get_value
    loc = self.index.get_loc(label)
  File "C:\Users\vasan\AppData\Local\Programs\Python\Python39\lib\site-packages\pandas\core\indexes\base.py", line 3812, in get_loc
    raise KeyError(key) from err
KeyError: 'volatility'
2025-12-20 19:38:49,174 - Main - ERROR - Unexpected Error: 'volatility'
Traceback (most recent call last):
  File "C:\Users\vasan\AppData\Local\Programs\Python\Python39\lib\site-packages\pandas\core\indexes\base.py", line 3805, in get_loc
    return self._engine.get_loc(casted_key)
  File "index.pyx", line 167, in pandas._libs.index.IndexEngine.get_loc
  File "index.pyx", line 196, in pandas._libs.index.IndexEngine.get_loc
  File "pandas\\_libs\\hashtable_class_helper.pxi", line 7081, in pandas._libs.hashtable.PyObjectHashTable.get_item
  File "pandas\\_libs\\hashtable_class_helper.pxi", line 7089, in pandas._libs.hashtable.PyObjectHashTable.get_item
KeyError: 'volatility'

The above exception was the direct cause of the following exception:

Traceback (most recent call last):
  File "V:\PlayGround\mt5_trading_bot\main.py", line 72, in main
    df = strategy.calculate_indicators(df)
  File "V:\PlayGround\mt5_trading_bot\services\trade_manager.py", line 20, in manage_positions
    current_vol = last_candle['volatility'] # Rolling val
  File "C:\Users\vasan\AppData\Local\Programs\Python\Python39\lib\site-packages\pandas\core\series.py", line 1121, in __getitem__
    return self._get_value(key)
  File "C:\Users\vasan\AppData\Local\Programs\Python\Python39\lib\site-packages\pandas\core\series.py", line 1237, in _get_value
    loc = self.index.get_loc(label)
  File "C:\Users\vasan\AppData\Local\Programs\Python\Python39\lib\site-packages\pandas\core\indexes\base.py", line 3812, in get_loc
    raise KeyError(key) from err
KeyError: 'volatility'
2025-12-20 19:38:54,186 - Main - ERROR - Unexpected Error: 'volatility'
Traceback (most recent call last):
  File "C:\Users\vasan\AppData\Local\Programs\Python\Python39\lib\site-packages\pandas\core\indexes\base.py", line 3805, in get_loc
    return self._engine.get_loc(casted_key)
  File "index.pyx", line 167, in pandas._libs.index.IndexEngine.get_loc
  File "index.pyx", line 196, in pandas._libs.index.IndexEngine.get_loc
  File "pandas\\_libs\\hashtable_class_helper.pxi", line 7081, in pandas._libs.hashtable.PyObjectHashTable.get_item
  File "pandas\\_libs\\hashtable_class_helper.pxi", line 7089, in pandas._libs.hashtable.PyObjectHashTable.get_item
KeyError: 'volatility'

The above exception was the direct cause of the following exception:

Traceback (most recent call last):
  File "V:\PlayGround\mt5_trading_bot\main.py", line 72, in main
    df = strategy.calculate_indicators(df)
  File "V:\PlayGround\mt5_trading_bot\services\trade_manager.py", line 20, in manage_positions
    current_vol = last_candle['volatility'] # Rolling val
  File "C:\Users\vasan\AppData\Local\Programs\Python\Python39\lib\site-packages\pandas\core\series.py", line 1121, in __getitem__
    return self._get_value(key)
  File "C:\Users\vasan\AppData\Local\Programs\Python\Python39\lib\site-packages\pandas\core\series.py", line 1237, in _get_value
    loc = self.index.get_loc(label)
  File "C:\Users\vasan\AppData\Local\Programs\Python\Python39\lib\site-packages\pandas\core\indexes\base.py", line 3812, in get_loc
    raise KeyError(key) from err
KeyError: 'volatility'
2025-12-20 19:38:59,199 - Main - ERROR - Unexpected Error: 'volatility'
Traceback (most recent call last):
  File "C:\Users\vasan\AppData\Local\Programs\Python\Python39\lib\site-packages\pandas\core\indexes\base.py", line 3805, in get_loc
    return self._engine.get_loc(casted_key)
  File "index.pyx", line 167, in pandas._libs.index.IndexEngine.get_loc
  File "index.pyx", line 196, in pandas._libs.index.IndexEngine.get_loc
  File "pandas\\_libs\\hashtable_class_helper.pxi", line 7081, in pandas._libs.hashtable.PyObjectHashTable.get_item
  File "pandas\\_libs\\hashtable_class_helper.pxi", line 7089, in pandas._libs.hashtable.PyObjectHashTable.get_item
KeyError: 'volatility'

The above exception was the direct cause of the following exception:

Traceback (most recent call last):
  File "V:\PlayGround\mt5_trading_bot\main.py", line 72, in main
    df = strategy.calculate_indicators(df)
  File "V:\PlayGround\mt5_trading_bot\services\trade_manager.py", line 20, in manage_positions
    current_vol = last_candle['volatility'] # Rolling val
  File "C:\Users\vasan\AppData\Local\Programs\Python\Python39\lib\site-packages\pandas\core\series.py", line 1121, in __getitem__
    return self._get_value(key)
  File "C:\Users\vasan\AppData\Local\Programs\Python\Python39\lib\site-packages\pandas\core\series.py", line 1237, in _get_value
    loc = self.index.get_loc(label)
  File "C:\Users\vasan\AppData\Local\Programs\Python\Python39\lib\site-packages\pandas\core\indexes\base.py", line 3812, in get_loc
    raise KeyError(key) from err
KeyError: 'volatility'
2025-12-20 19:39:04,217 - Main - ERROR - Unexpected Error: 'volatility'
Traceback (most recent call last):
  File "C:\Users\vasan\AppData\Local\Programs\Python\Python39\lib\site-packages\pandas\core\indexes\base.py", line 3805, in get_loc
    return self._engine.get_loc(casted_key)
  File "index.pyx", line 167, in pandas._libs.index.IndexEngine.get_loc
  File "index.pyx", line 196, in pandas._libs.index.IndexEngine.get_loc
  File "pandas\\_libs\\hashtable_class_helper.pxi", line 7081, in pandas._libs.hashtable.PyObjectHashTable.get_item
  File "pandas\\_libs\\hashtable_class_helper.pxi", line 7089, in pandas._libs.hashtable.PyObjectHashTable.get_item
KeyError: 'volatility'

The above exception was the direct cause of the following exception:

Traceback (most recent call last):
  File "V:\PlayGround\mt5_trading_bot\main.py", line 72, in main
    df = strategy.calculate_indicators(df)
  File "V:\PlayGround\mt5_trading_bot\services\trade_manager.py", line 20, in manage_positions
    current_vol = last_candle['volatility'] # Rolling val
  File "C:\Users\vasan\AppData\Local\Programs\Python\Python39\lib\site-packages\pandas\core\series.py", line 1121, in __getitem__
    return self._get_value(key)
  File "C:\Users\vasan\AppData\Local\Programs\Python\Python39\lib\site-packages\pandas\core\series.py", line 1237, in _get_value
    loc = self.index.get_loc(label)
  File "C:\Users\vasan\AppData\Local\Programs\Python\Python39\lib\site-packages\pandas\core\indexes\base.py", line 3812, in get_loc
    raise KeyError(key) from err
KeyError: 'volatility'
2025-12-20 19:39:09,231 - Main - ERROR - Unexpected Error: 'volatility'
Traceback (most recent call last):
  File "C:\Users\vasan\AppData\Local\Programs\Python\Python39\lib\site-packages\pandas\core\indexes\base.py", line 3805, in get_loc
    return self._engine.get_loc(casted_key)
  File "index.pyx", line 167, in pandas._libs.index.IndexEngine.get_loc
  File "index.pyx", line 196, in pandas._libs.index.IndexEngine.get_loc
  File "pandas\\_libs\\hashtable_class_helper.pxi", line 7081, in pandas._libs.hashtable.PyObjectHashTable.get_item
  File "pandas\\_libs\\hashtable_class_helper.pxi", line 7089, in pandas._libs.hashtable.PyObjectHashTable.get_item
KeyError: 'volatility'

The above exception was the direct cause of the following exception:

Traceback (most recent call last):
  File "V:\PlayGround\mt5_trading_bot\main.py", line 72, in main
    df = strategy.calculate_indicators(df)
  File "V:\PlayGround\mt5_trading_bot\services\trade_manager.py", line 20, in manage_positions
    current_vol = last_candle['volatility'] # Rolling val
  File "C:\Users\vasan\AppData\Local\Programs\Python\Python39\lib\site-packages\pandas\core\series.py", line 1121, in __getitem__
    return self._get_value(key)
  File "C:\Users\vasan\AppData\Local\Programs\Python\Python39\lib\site-packages\pandas\core\series.py", line 1237, in _get_value
    loc = self.index.get_loc(label)
  File "C:\Users\vasan\AppData\Local\Programs\Python\Python39\lib\site-packages\pandas\core\indexes\base.py", line 3812, in get_loc
    raise KeyError(key) from err
KeyError: 'volatility'
2025-12-20 19:39:14,247 - Main - ERROR - Unexpected Error: 'volatility'
Traceback (most recent call last):
  File "C:\Users\vasan\AppData\Local\Programs\Python\Python39\lib\site-packages\pandas\core\indexes\base.py", line 3805, in get_loc
    return self._engine.get_loc(casted_key)
  File "index.pyx", line 167, in pandas._libs.index.IndexEngine.get_loc
  File "index.pyx", line 196, in pandas._libs.index.IndexEngine.get_loc
  File "pandas\\_libs\\hashtable_class_helper.pxi", line 7081, in pandas._libs.hashtable.PyObjectHashTable.get_item
  File "pandas\\_libs\\hashtable_class_helper.pxi", line 7089, in pandas._libs.hashtable.PyObjectHashTable.get_item
KeyError: 'volatility'

The above exception was the direct cause of the following exception:

Traceback (most recent call last):
  File "V:\PlayGround\mt5_trading_bot\main.py", line 72, in main
    df = strategy.calculate_indicators(df)
  File "V:\PlayGround\mt5_trading_bot\services\trade_manager.py", line 20, in manage_positions
    current_vol = last_candle['volatility'] # Rolling val
  File "C:\Users\vasan\AppData\Local\Programs\Python\Python39\lib\site-packages\pandas\core\series.py", line 1121, in __getitem__
    return self._get_value(key)
  File "C:\Users\vasan\AppData\Local\Programs\Python\Python39\lib\site-packages\pandas\core\series.py", line 1237, in _get_value
    loc = self.index.get_loc(label)
  File "C:\Users\vasan\AppData\Local\Programs\Python\Python39\lib\site-packages\pandas\core\indexes\base.py", line 3812, in get_loc
    raise KeyError(key) from err
KeyError: 'volatility'
2025-12-20 19:39:19,271 - Main - ERROR - Unexpected Error: 'volatility'
Traceback (most recent call last):
  File "C:\Users\vasan\AppData\Local\Programs\Python\Python39\lib\site-packages\pandas\core\indexes\base.py", line 3805, in get_loc
    return self._engine.get_loc(casted_key)
  File "index.pyx", line 167, in pandas._libs.index.IndexEngine.get_loc
  File "index.pyx", line 196, in pandas._libs.index.IndexEngine.get_loc
  File "pandas\\_libs\\hashtable_class_helper.pxi", line 7081, in pandas._libs.hashtable.PyObjectHashTable.get_item
  File "pandas\\_libs\\hashtable_class_helper.pxi", line 7089, in pandas._libs.hashtable.PyObjectHashTable.get_item
KeyError: 'volatility'

The above exception was the direct cause of the following exception:

Traceback (most recent call last):
  File "V:\PlayGround\mt5_trading_bot\main.py", line 72, in main
    df = strategy.calculate_indicators(df)
  File "V:\PlayGround\mt5_trading_bot\services\trade_manager.py", line 20, in manage_positions
    current_vol = last_candle['volatility'] # Rolling val
  File "C:\Users\vasan\AppData\Local\Programs\Python\Python39\lib\site-packages\pandas\core\series.py", line 1121, in __getitem__
    return self._get_value(key)
  File "C:\Users\vasan\AppData\Local\Programs\Python\Python39\lib\site-packages\pandas\core\series.py", line 1237, in _get_value
    loc = self.index.get_loc(label)
  File "C:\Users\vasan\AppData\Local\Programs\Python\Python39\lib\site-packages\pandas\core\indexes\base.py", line 3812, in get_loc
    raise KeyError(key) from err
KeyError: 'volatility'
2025-12-20 19:39:24,321 - Main - ERROR - Unexpected Error: 'volatility'
Traceback (most recent call last):
  File "C:\Users\vasan\AppData\Local\Programs\Python\Python39\lib\site-packages\pandas\core\indexes\base.py", line 3805, in get_loc
    return self._engine.get_loc(casted_key)
  File "index.pyx", line 167, in pandas._libs.index.IndexEngine.get_loc
  File "index.pyx", line 196, in pandas._libs.index.IndexEngine.get_loc
  File "pandas\\_libs\\hashtable_class_helper.pxi", line 7081, in pandas._libs.hashtable.PyObjectHashTable.get_item
  File "pandas\\_libs\\hashtable_class_helper.pxi", line 7089, in pandas._libs.hashtable.PyObjectHashTable.get_item
KeyError: 'volatility'

The above exception was the direct cause of the following exception:

Traceback (most recent call last):
  File "V:\PlayGround\mt5_trading_bot\main.py", line 72, in main
    df = strategy.calculate_indicators(df)
  File "V:\PlayGround\mt5_trading_bot\services\trade_manager.py", line 20, in manage_positions
    current_vol = last_candle['volatility'] # Rolling val
  File "C:\Users\vasan\AppData\Local\Programs\Python\Python39\lib\site-packages\pandas\core\series.py", line 1121, in __getitem__
    return self._get_value(key)
  File "C:\Users\vasan\AppData\Local\Programs\Python\Python39\lib\site-packages\pandas\core\series.py", line 1237, in _get_value
    loc = self.index.get_loc(label)
  File "C:\Users\vasan\AppData\Local\Programs\Python\Python39\lib\site-packages\pandas\core\indexes\base.py", line 3812, in get_loc
    raise KeyError(key) from err
KeyError: 'volatility'
2025-12-20 19:39:29,338 - Main - ERROR - Unexpected Error: 'volatility'
Traceback (most recent call last):
  File "C:\Users\vasan\AppData\Local\Programs\Python\Python39\lib\site-packages\pandas\core\indexes\base.py", line 3805, in get_loc
    return self._engine.get_loc(casted_key)
  File "index.pyx", line 167, in pandas._libs.index.IndexEngine.get_loc
  File "index.pyx", line 196, in pandas._libs.index.IndexEngine.get_loc
  File "pandas\\_libs\\hashtable_class_helper.pxi", line 7081, in pandas._libs.hashtable.PyObjectHashTable.get_item
  File "pandas\\_libs\\hashtable_class_helper.pxi", line 7089, in pandas._libs.hashtable.PyObjectHashTable.get_item
KeyError: 'volatility'

The above exception was the direct cause of the following exception:

Traceback (most recent call last):
  File "V:\PlayGround\mt5_trading_bot\main.py", line 72, in main
    df = strategy.calculate_indicators(df)
  File "V:\PlayGround\mt5_trading_bot\services\trade_manager.py", line 20, in manage_positions
    current_vol = last_candle['volatility'] # Rolling val
  File "C:\Users\vasan\AppData\Local\Programs\Python\Python39\lib\site-packages\pandas\core\series.py", line 1121, in __getitem__
    return self._get_value(key)
  File "C:\Users\vasan\AppData\Local\Programs\Python\Python39\lib\site-packages\pandas\core\series.py", line 1237, in _get_value
    loc = self.index.get_loc(label)
  File "C:\Users\vasan\AppData\Local\Programs\Python\Python39\lib\site-packages\pandas\core\indexes\base.py", line 3812, in get_loc
    raise KeyError(key) from err
KeyError: 'volatility'
